genre,Feature1,Feature2,Feature3,Feature4,Feature5,Feature6,Feature7,Feature8,Feature9,Feature10,Feature11,Feature12,Feature13
0,15.043529378870348,30.949685421137108,-6.232908237193185,-31.05842229422811,10.75446677361095,-24.005936266560802,-7.371821766099192,-17.58672498596201,13.07159762665605,-19.587025714696164,8.358571360882427,-0.149953730705344,6.672632303515878
0,14.47934611300839,31.270942205952622,-3.1710232863546155,-27.222592919469324,10.437752281812664,-20.911277101665576,-9.980605065636745,-21.708042492484143,10.574534153098947,-16.129956067489637,9.302262153448474,0.278799087334662,8.515303362474873
0,15.326346317421208,31.561200962838925,-6.81617625170808,-30.98337388405518,15.650334959393389,-22.656659931255906,-6.587200305063378,-18.38944733554784,13.7367663873833,-20.36777301483307,9.370196185426957,0.0679726262032025,5.6066108808382085
0,14.565286127910547,30.89946683697063,-6.427896111282229,-35.316911408526906,5.375813155889938,-16.492765788233445,-2.1618376746394516,-23.20530657490242,9.912642894763994,-13.299137687234891,14.374036786844368,-2.8001652008959725,8.158785507451098
0,15.682831437129575,30.171348146349693,-9.511959925200493,-35.48218754454909,11.653083424125471,-23.08346584521004,-3.6936084386606907,-17.523275978903815,12.534244231599931,-21.884276509110926,9.429964147943597,-1.760973312074286,3.6938751814996897
0,14.52556028937112,32.40068651483299,-4.767799489936929,-29.593239214857636,15.298475623945093,-13.983708508854281,3.5066746537851334,-11.914746325139864,11.85216918193432,-25.344443094798763,2.6937546119073774,-6.743562573619015,2.6035888989996945
0,14.21081554772562,32.180813137517575,-5.92701555400041,-30.206788045313804,18.39102930155839,-14.74934014875336,2.5371850545272867,-12.403835806996751,14.01665487391077,-26.141324365028535,1.686291716567668,-6.649953129984742,2.4406196986515223
0,14.268309914650532,31.452501001965658,-4.538948263638475,-28.17379848657118,15.373560903939644,-13.18537792420081,1.7910490194143107,-13.645383309524357,11.600671391834357,-21.83720937483407,5.628696742638716,-4.383821017401268,4.938547473943278
0,14.23711415673005,31.52376207363407,-6.775648575300965,-31.206658299856528,16.673050433522143,-16.44785165918545,1.1208050957698132,-13.246076475488406,12.507769881486393,-27.609008430065145,0.5341621242625314,-7.93221028659726,1.7557902473357252
0,12.977798364039264,30.913797962312003,-4.400357558657762,-24.6172525848872,23.759046878379316,-7.18593152709483,5.441860577706667,-12.312214105862562,9.316038379830406,-27.18779804747308,4.2527523531113784,-3.1199542399192945,4.303757929169038
0,13.958347726907505,30.851653029808016,-5.869680841385966,-30.361947535438922,13.206846110632583,-17.99718620692855,-2.6248772363011628,-17.43460044622938,9.17713443227737,-24.888689641319026,4.027527944977352,-6.195576667800782,2.4827981117141564
0,13.092826225120552,34.64654128219809,7.5993969350679595,-17.06813698917609,3.447544037601713,-14.7391209484918,-2.2636879473316647,-12.498716019126896,5.676280425090532,-19.45858758895162,0.7487353848189722,-8.708624567058031,1.2410010120341903
0,13.428719663171854,33.39423231756505,1.3718700821986776,-24.021433124353443,7.415038687338166,-15.150144712507963,-2.175026838189151,-14.775589360553994,6.388238391270824,-24.015384374916753,0.6755093213912496,-7.767120488910958,1.3062397641314039
0,13.773328925040625,32.028559292225076,-2.0830402269136346,-27.54203462979588,8.41642651579095,-15.542876290118913,-0.3873642913230074,-13.502999775245225,10.074925587980243,-21.84295610374492,2.776237444330087,-6.269261794814716,3.2434643335687405
0,13.746165552072204,33.72334833120449,-0.08855647922429717,-26.412545901036353,8.432041218946026,-14.037346427758408,0.6516131044217552,-13.508016293486252,8.678524245032497,-23.857557484501537,-0.20830698158725558,-9.488512513525619,0.6239810519289922
0,11.953936788756085,29.264168167293263,-3.988134377023082,-27.214602399433655,7.806163565123348,-17.926325867127023,-6.135756691350728,-16.07529191734471,6.380510895397567,-26.052487312691696,0.39108437737514623,-4.494291384446063,5.5403718410770395
0,10.60708376953502,28.328373276471194,2.1815591237967267,-12.562455989922494,15.670483081379908,-7.291520735316912,-2.093581295536173,-7.5177627295912615,7.3182247917905565,-21.42070425539782,-0.514389273425182,-4.353181781451731,2.77814701876844
0,14.041279522001547,31.939620207826604,-1.1842222564805582,-25.668526523899022,7.498966388662856,-22.08429575439477,-8.670534208488299,-17.82248635782098,7.9334619181406545,-23.564134987169243,0.6442354611324974,-5.813675248717562,3.8423289944678847
0,12.679668079856487,32.43245544177575,2.371070434695012,-21.82524222154291,5.696282906159975,-16.27275955108126,-3.0648372630887053,-12.549157886215994,7.332934723747195,-23.093081275451198,-0.9306837698033845,-8.330293619095228,2.940318771862429
0,10.736890506933452,27.309180117012748,-1.8239298316828794,-19.807944412419722,11.48427259732622,-9.524729041949083,-1.25736779846187,-9.59876536259403,6.127041881275721,-23.28636038112893,1.6771195328255661,-3.299249753970924,3.9347591996995535
0,14.27358379694085,33.646852269099824,0.7102491755246254,-24.861400717313575,8.857935457298122,-16.293616837214234,-0.3885246032350354,-12.6872135449406,9.942837965613231,-22.266564648325815,2.1991935944607586,-6.091879713728756,2.815282445735682
0,14.418133982697,33.14662530755273,-2.154161527318811,-28.015530024779434,10.750206462677026,-17.75567233088038,-1.5775584590659248,-14.995828505444685,8.677472523123825,-26.832556311525465,-0.2838076220238111,-8.315202697110442,1.042642087639106
0,14.479769377222201,33.59748855736626,0.3011213502457745,-24.43807300525964,9.16131591195474,-18.32405270163251,-2.09332490797158,-12.501082774940555,8.800755204569914,-23.31214094699979,3.753499704794346,-4.306924161095582,2.5904913638043126
0,12.174401983897557,31.074074758595778,0.44460080965713883,-18.216823019581994,18.02798864306928,-10.146618887063765,4.119011612517769,-3.2671396378156206,12.689121844445037,-23.834297858191377,2.954973678291429,-3.172725868942771,1.0327621522776789
0,15.68469224930456,34.04573296696577,-0.48925257314054604,-25.734939492696597,11.148358020507784,-17.44012667896463,-1.2784925167387462,-14.58833810222508,8.837282282366818,-23.4759043905181,3.513232292397838,-3.6802472741516885,4.898684196554298
0,15.490273914655754,34.63743652360674,1.0368680477120433,-23.9556981529712,10.483973695526311,-17.655392776172977,-0.9580053212282088,-12.288571134687603,9.356682014154984,-23.315337169133198,2.988011028007113,-3.7532354652924114,3.9642689823477353
0,14.13738529424641,33.167306619196324,1.4914590351423147,-24.915585896354976,3.0897194281554694,-20.223855513712287,-5.014806497773582,-15.527368751651894,7.775422534729077,-20.247570347959087,3.9768071061393497,-4.623910669675203,4.940717883151299
0,13.286410164294448,33.790741235233526,6.428806275941399,-13.48731638146189,12.330794863828855,-13.366116003531975,-4.70930112248686,-12.434778773966794,6.129407710332945,-21.52902612592546,0.38224666883234276,-4.799375771249762,1.0590133187009043
0,15.720537405642157,33.68699068709818,-0.786910233038367,-26.96265866791608,9.13090802324508,-19.470851446911386,-2.5897031329694817,-15.012004987281564,11.537758194552168,-19.69909028346365,6.007197641529731,-3.142255295208012,4.930569197841222
0,14.383851255641604,31.04912099435272,-6.371915748345957,-32.03820183438697,11.472624415547031,-18.674989136620077,-0.9038440239387326,-13.97872040681764,11.683401611724769,-26.213017147533158,1.5308023488549531,-4.9096991133308565,5.012847936016466
0,13.664436284471579,33.53366706028786,-0.2826095765624255,-25.347370931753144,12.119790277295909,-10.271095701147889,5.157542174870719,-9.728931720041144,11.281858184959349,-22.938696771739366,1.2267095944959814,-7.35326145141643,4.0441083709361045
0,12.366574212558362,32.40815726582665,6.84347117576538,-11.221567902121437,13.716471635346526,-5.252216938469137,1.9715344438568774,-5.955523583465972,11.005608111511236,-14.947240089333901,2.1523777670630313,-5.730050386244992,4.195048197182392
0,10.220325565170105,29.424765050165465,7.937338146607548,-4.3430195976155765,14.432472902286431,-2.4469291171469267,-3.001261030788606,-6.743077564076761,5.82014102237266,-15.166779999518791,0.17923820711295202,-5.8679780801971555,1.718816105879675
0,11.018112656941126,29.995289336177944,1.8264008110331744,-19.17800319744303,7.70659223946064,-6.715927283993541,2.2721780535868215,-8.304379770072794,7.683725674437304,-17.779978673396137,3.9174096054255165,-5.5583427394554255,3.914514397573207
0,14.419420581017,32.6709110651702,-3.9470461018812206,-30.274092661320914,13.737922228569552,-11.605851781809871,7.108852284333555,-10.289977040129251,13.801830516176748,-22.747658517426117,4.712893013872114,-5.2232510426540735,5.093234014926946
0,13.769587508836985,32.71692331867921,4.171630047845297,-18.45797479976748,7.958123113927798,-7.238331588194753,5.934950228086205,-5.768189287144322,11.558937126483226,-14.783572485122447,3.1993798782823166,-7.307268684588448,3.1876431346203415
0,11.962227334757985,30.167534238105066,-0.2889746032466754,-18.850844628737843,17.127411749405915,-7.731311961681114,-0.9670134466858803,-12.404009105931571,10.961392647060496,-17.848470609920152,2.7262932434911096,-8.03287700722457,-0.4150507393098739
0,14.756767085782531,32.029167988133636,-5.097372540340056,-33.370596184420265,7.820493257290919,-14.263608971945253,4.244868095168322,-12.894074246906374,13.334488013718644,-20.406221390626097,3.7682321793671236,-8.791018390658008,3.3576846633266793
0,14.572974231426942,33.470771408484886,-0.6342265221271469,-27.82835001396371,6.442448313717697,-13.58165714389291,3.077203435121946,-11.424105193414801,12.479579541385888,-18.090221701018667,3.5151266957676954,-8.311101157245984,2.469801980070161
0,12.436120642070145,25.750520874609492,-9.459321670728,-30.71051313045007,12.64777659331183,-21.430267286013198,-3.6355516494443405,-11.89854054575258,14.778371794184451,-21.851373853953902,6.517763228755365,-3.2495397982008556,0.9851728736758532
0,13.076217461700308,31.86293509065367,-3.583790558751765,-27.93615319968486,12.473797416785919,-16.163419191469384,-1.746615549350979,-13.713949562727663,11.90434089522227,-23.66229052666975,0.3437760138400749,-9.754995127038837,-0.25433259196357166
0,12.819423571551702,31.865461010682502,-2.054273384793065,-28.2131025329975,6.1006569297346385,-14.726135387398736,0.40549344325230835,-11.977629617862057,10.266206725961656,-22.912078759879098,-0.8280087395564635,-10.9591834027418,1.3388418932809387
0,17.55331876601029,33.24978106940777,0.7980611051485645,-25.230600032753046,-2.2005112688259056,-29.731049085731815,-0.26597723026698317,-11.643294447638025,2.6084832781352922,-18.044804167709064,8.271004611526545,-8.70922326590207,2.031877760007212
0,16.00904865586065,29.930280947908415,5.301548960890269,-2.597381441270158,18.943499721993156,-30.394427885594443,-2.492427581217958,-7.278628247602688,-4.76266014063967,-20.381273400455527,2.5339883279732,-11.881080602294622,-7.226086079517352
0,13.066766244123286,31.69665652517112,0.6897443219193922,-19.473565647850236,7.139548402537512,-22.609877129054993,3.646654265303284,-12.254495868385021,-2.8018668197057486,-16.89650072917905,10.438799402513286,-11.7990777499735,-4.164344935951156
0,16.94078221432713,33.08382015095543,0.9301436602554557,-16.482937240045473,12.23590053870752,-28.657252539528095,1.7990208250175193,-9.577041386771187,-1.9923116407096482,-20.28705656155377,7.024013646802465,-11.0387046636121,-3.2710393195018095
0,17.810317548727834,27.107949418446903,-14.72094840467289,-29.78331436070903,22.708955354768,-34.208109414608614,6.120804843992221,-9.964023284899003,5.341709692640634,-17.59344379378006,10.315882595902227,-10.04998625905949,-1.3787583100442413
0,11.544768344794441,30.727104690611043,1.301857990630397,-17.158544098188674,5.211135026608587,-22.743631869123305,1.6071929015600352,-6.6855648647816235,-0.6997848536262916,-19.388910265222272,6.173639712689623,-10.225403011685689,0.03798252209735023
0,17.697390079519188,30.211623988983664,-4.915782317025123,-22.505267213918085,14.209533745277914,-27.137553841669565,5.427616576407206,-7.548678682016425,4.482167660271113,-17.436239111262747,11.591271380803404,-7.746648483621843,-1.496255742556017
0,17.497454911416824,26.404058063469844,-16.858998138233357,-29.51682940477618,25.119948872598496,-38.821279706726905,8.640342168960547,-8.230014736613635,2.235170816806939,-18.568313778118778,14.798554665959466,-8.410576399794602,-2.3171200490097488
0,10.679862240464482,28.835945127773815,-1.7142350718965884,-18.21210659745547,11.680330034163083,-11.060207204717896,9.025155245366387,-4.353549806607275,1.056790030227161,-18.26963376296032,8.025138834100774,-12.13427276997167,-3.3435723030110984
0,14.987114387747996,25.598088392241426,-9.927399687112825,-16.561113257118926,31.690791294717798,-27.31497670448599,10.607462911443564,-1.9478354940471696,5.48795452981474,-15.831892086550335,16.595304009848437,-6.132567620748555,-1.9250598804638561
0,15.861304790526258,21.28454762480061,-19.685790837871345,-26.855085224713374,29.22721226716124,-38.33931920749619,10.971666315144953,-6.344343060978023,2.1055486675733426,-16.281529022245923,14.270852489752336,-5.831431454687795,-0.44547631735602156
0,17.4595849294142,32.38855579147315,-4.900718985034654,-28.86396387472153,8.797417392181384,-23.973082817197245,3.1155408596569276,-12.196604661735273,7.76470070894045,-16.31147036429108,12.707060112761514,-5.164465816908398,5.661303614503878
0,18.313454196283107,28.456572279067892,-7.301924719301191,-30.1720714602673,6.557344527511702,-27.01915969085105,8.593028313635175,-1.8219162364287855,10.540463543401573,-27.481745434071268,-0.15207300727745213,-14.161062739683631,1.102554726873597
0,11.574776806083529,28.396329710924103,6.753249814028936,-6.972843214226811,4.349413178960404,-18.06447137879405,-2.4629196355782175,-7.734563539799922,-3.0131174266634617,-14.706976789878558,4.711696167935646,-8.182285571682812,-1.668569975080633
0,18.399832605384933,30.643861136797835,-8.464510984182475,-30.719916042052883,12.285448669427163,-26.02527741719416,11.94616364738402,-3.6521799903450742,5.6726028887347235,-26.736389688537386,9.153354847552357,-5.563485272563619,4.464599369695514
0,13.097853622427731,26.278470230103785,-8.227752648722443,-22.123830996588964,14.8419867569299,-31.373258917466657,3.3385599437447557,-8.023669494118717,1.1329646767224282,-17.029709052519216,8.848727209629676,-7.752982845884373,4.597662917469805
0,14.270857892116183,31.471316032924847,2.555229506542432,-17.501328803561478,2.7173101427387407,-30.49377763515679,1.3579634419551132,-10.857348589644072,-3.3930524804511846,-12.877158258205258,15.863730240318915,-3.7096101976338485,2.8967479453759712
0,16.047421543597455,31.329842618699374,-7.026832984111758,-29.034776359957302,11.057292335622144,-24.858886472554502,9.0855867189786,-10.24112294509998,3.289389348334642,-16.330669324561477,9.690469006325012,-11.895135086776893,1.8930143317545878
0,16.38607609552112,28.728694221499193,-11.579053827828567,-29.010507303505555,16.58785659172441,-31.581274242122177,8.235230740874893,-9.321745290216242,1.8999625477533064,-17.774413346073644,9.732419422028563,-11.748491272057878,-1.155059801462596
0,14.879320735293737,31.18232580644364,-1.3268949962981693,-20.80970200279338,8.523012800155294,-27.781986023393948,6.8228031155359,-7.33181913828632,2.430737591657243,-11.018745995483586,12.960321717611365,-8.202214866335279,2.0284471901433636
0,13.662627235493947,28.55936308650633,-4.428640213876129,-18.52803822359509,15.06913850300916,-27.482684526123467,7.656949424773009,-3.5539046538574848,2.7828855040479916,-12.704096591648184,11.147809780541227,-9.563043468356577,0.9378908372722563
0,11.904298486354858,26.012686723368425,9.784020750485835,11.3083045820556,25.958522433992414,-18.61432725591952,0.6730061668022828,-2.2085543250598385,-8.193368436448266,-17.26454407112023,2.0997030127687646,-11.841487519062039,-8.730365304463977
0,10.767741426944774,22.111192216842287,3.078130720740321,5.583543249205276,27.268631542317653,-22.76161493482276,0.600334245482404,-3.902721283271801,-8.51778604480487,-17.396846788446894,5.454960591994371,-11.11536581898217,-6.980766097005462
0,12.813344503717342,27.884704268578435,9.820879177342722,4.382391940759767,16.10292833166725,-21.438726779914834,-2.9966743669084988,-7.807160438063377,-8.09120028595071,-16.034871066704053,3.793067014326757,-9.724118620585685,-4.897616551602216
0,12.924560944516383,28.32663807696389,10.12136645324358,4.123956148443152,14.963545100538662,-20.116909558667125,-1.4537143478481394,-6.14369421802845,-8.564342789620527,-17.97500110028745,0.5874065615709615,-11.479527712212032,-6.46436702185937
0,12.04898750958641,24.620541385665913,3.492749042178712,1.0247965287746983,23.607188849629004,-20.67237044127764,1.8442522634951528,-6.269705610673007,-7.51115986732679,-17.567169060582636,5.163307126569737,-12.117103527780367,-6.323300530193159
0,15.769302113055163,32.945621778416445,-5.122223167398431,-28.777769685266755,7.599713769013446,-30.895213580647635,3.5861591335569463,-14.136374486965664,-0.4721370710752294,-18.559026449139193,12.89261715178547,-7.931100727596112,2.232848130181483
0,14.241493950000505,33.35178243264729,-1.7133569512137286,-24.974880949583874,5.808976082747764,-27.56113306635506,2.4617226714680105,-13.902296382540749,-2.1894106051106226,-19.018324624430733,10.836136804628666,-9.201418976881437,0.8841620475319386
0,13.639496559784913,30.690084488316224,-3.322838237920353,-22.37871055398872,10.346778316948102,-23.297300611542006,7.500042153249811,-8.760974959265614,-1.8589672291410957,-20.026120062980304,8.830904203192071,-9.934554906314895,0.8058430344893526
0,14.831865506948121,32.28341073668323,-3.770459639304469,-25.264551308787762,10.377516435081048,-23.501149277708457,7.410511553783866,-11.87300412937138,-2.5168918895972316,-22.09363896887958,6.925697306200775,-13.549459976491953,-1.0193155912324443
0,12.808130883377432,29.845571769545927,-4.365318475664987,-21.96733040319872,12.13367951093811,-22.350854841643464,11.246359201153632,-3.7985414658526273,-0.020296006854889536,-19.700629551935812,7.334546220344336,-13.328242055992952,-1.180904953958609
0,14.587666880744909,33.77426989502865,2.049580652001102,-21.171215238135687,4.115836310057116,-24.646864606592615,2.094445002068532,-14.924138330699277,-5.407675738520163,-21.870770283527822,5.633792264593795,-12.555734536774274,-1.062906672134198
0,14.093448893512456,32.054396879554034,-3.2650795390614458,-23.535015997459997,11.354287960520008,-22.901030998038443,7.630646574111739,-10.505911381067111,-2.495124872304612,-21.446928477331177,7.686293306202746,-12.47596785242938,-1.3324407821422048
0,12.437913177278825,31.637902779626497,0.6506240101321382,-20.85093172185914,5.007589448242065,-16.973498919545406,8.579950291851718,-8.535167840994646,-4.3309424870420825,-22.6616624624963,5.088152386561698,-13.181585415585664,-1.2729084930147987
0,15.147557503168759,32.77097974836485,-2.89625365950241,-24.267413919929528,10.568102733490432,-23.200945078095575,9.001760308209402,-9.845699636996837,-1.274422097248333,-19.94773890076799,9.068281321763168,-11.657997427049409,-0.9452085810153764
0,11.236891718386172,29.59987875580517,12.63434126010471,-2.6188763559404475,0.7082985688340644,-7.527958769532394,-2.5651903539040792,-9.70614043566099,-4.867333132645617,-14.618379041796725,-3.4056990986889892,-12.908261660153933,-2.285705064196764
0,9.791956772746834,26.356789992277687,13.322620497992029,4.568007662980088,4.65751448114365,-1.934314489721792,-1.9592693155707719,-6.316470266842595,-7.0842107381624135,-12.529934022658955,-1.8246673130953488,-9.676726243921664,-3.0655520948399593
0,12.123464951751115,30.265440605026242,12.912589023812632,-3.3298854185709645,-0.004401409042600918,-9.496141075961113,-2.713290818754874,-10.45067247674555,-3.6956679368341976,-13.45617581907281,-1.9802019553846895,-11.051363835537105,0.14602833654444866
0,8.6546351956112,19.585970401667225,1.1025262281285877,-3.365724473218276,10.348715544636557,-4.215809660858714,5.156016350731211,1.1284367353422087,-3.731670117100791,-12.98789781786798,6.090221271493927,-7.95176335105393,-4.793785278542117
0,12.570545170839615,30.823750709751806,0.291569748773659,-16.39710496819844,8.754029426260646,-25.184243890837887,6.928449611340568,-3.088903344006685,-1.0834392647575863,-16.760834983219727,8.503221515475332,-9.576616533063314,-0.8485532399025164
0,15.193366708110482,32.325252331670704,-3.309514523245085,-26.825174402550882,6.347074190411251,-24.43283556512921,6.280434046732345,-15.001880383297754,-3.9222428635450726,-19.89894651604877,8.273724771386053,-13.75180931782833,-1.232569158784072
0,14.049916582074685,35.15251103980517,11.764375499683725,-9.720997478300967,0.9718479438386418,-17.714285186210738,0.8505588035351757,-11.0014366090546,-2.601085027360645,-15.735863528672082,1.466347970020544,-14.589541268762307,-2.377458766748505
0,12.843634548700914,33.78743974580889,7.545294616195067,-15.267512228256003,0.4743464958116725,-16.945476169253734,2.520018340942869,-9.391450818304378,0.9110635766921547,-15.321320241952746,3.0895405670114293,-12.734774197357583,0.8989610906859932
0,14.911029848759847,31.504442858461655,-4.497895347410536,-26.054263095287,8.408468101980613,-27.219874936219657,5.226704539337368,-14.12082514547414,-2.528429552093401,-17.270752405260236,8.940011063428159,-11.551976347496337,1.6507626458563938
0,14.103420951701446,31.844729660492106,-2.018503630706613,-22.277596106836516,10.776349506671574,-22.723546969243802,4.73055614621657,-13.01575574480457,-0.628915133524886,-17.07267670398979,6.204030025209352,-12.636008670775107,0.0014571877743298144
0,12.668932979505035,32.31379070599709,9.139557397858407,-9.166342276828226,2.8375179542951363,-16.02179015778904,3.5736732734447,-6.435260833000563,-2.077763994121804,-15.127564534703593,1.9892902830862365,-13.558826643094857,-2.2879741415724055
0,13.782270284645618,32.809018606444596,-1.143620932126745,-22.954099091153488,7.684231546995723,-22.760964032257856,5.973911889960954,-11.316163235830839,-0.9723793452886966,-17.14445561997609,8.042331126787973,-13.133115910782495,-0.5410988578398488
0,15.962197413149099,22.94951141251176,-20.546089861933687,-45.721589868400784,9.536867938025809,-26.56298824064806,-2.440661611337792,-14.973791677842023,16.9397752933915,-25.302728811093736,3.6286270959983216,-2.3510134351914718,10.031074234391388
0,15.062438861187303,25.691074180280317,-16.48378972886619,-41.90531441327709,13.99882860388464,-20.412465996090294,0.5455989541278394,-17.503231545663812,12.638372279847722,-28.710127075668467,2.568041802153635,-5.573039409360932,2.907873867079747
0,16.237446919512024,25.337992152726407,-17.005971188804388,-40.933624421280314,16.017409037171326,-20.188251640748156,3.797482426145497,-11.303680392886594,18.310179967334747,-24.376528531679256,7.595112523427112,0.9653729154911506,10.189022680661681
0,16.95726648597169,26.177255994221543,-7.185853145893952,-34.11130909454833,-1.2925052767507876,-16.541740865573853,8.247199113498285,-5.257382412134021,18.481553950437736,-9.82947192426759,10.908725869198415,-7.2010806044623425,-0.8935607944645582
0,16.638679941680927,29.338117659346242,-6.569363176459325,-30.804540307000163,7.083007356069875,-28.891799928776596,-5.969173273890953,-10.995734651260271,17.822432875180127,-14.808596851066364,13.475970517708989,2.9126863163601358,6.625836065538831
0,12.147657686490174,27.613515439561816,-8.130598168721937,-29.415451374571568,15.488811886459281,-13.60873136967469,0.8215289622641372,-9.047830145818608,15.681245965408616,-22.577982851504654,3.466899029183239,-3.8257168041613268,6.0860462900566334
0,12.890726712591059,25.423182595593783,-12.271105076130535,-36.3166417979205,9.364300473354175,-14.298234753307284,4.2426203943200225,-10.92630182595643,10.984657268743316,-28.490719941476122,-2.3183955563988854,-8.743511869291737,5.040453394911209
0,16.1411473571375,28.977269201384406,-12.709973734621311,-38.944553823450185,14.241073993553739,-18.823552386381362,3.4852344911514055,-12.085205971647753,16.85881192484281,-25.486580533293324,2.9737408013283417,-5.608204837993941,4.9359160621895
0,14.686686213255948,30.78496589830814,-6.999756070718745,-29.318406392843187,18.42936160133578,-24.18500724804074,-3.4416824915040296,-10.39138484779478,16.882048135246677,-27.559234385595023,0.9502538210632604,-3.425877834545978,3.817708246226256
0,14.662998754686042,27.054748872531082,-14.752648683788596,-38.450579436770504,17.782300259903476,-19.32937163253941,1.434726067984486,-13.338153164237909,17.204807592859048,-25.43137556705187,4.340881434259022,-4.4644474903150115,5.243995517088236
0,12.43486139788992,28.086777438435423,-11.943974124289195,-32.12280951068933,25.754360037018994,-18.765192497758253,-3.6527865208662145,-17.029938109910027,14.94142096373964,-26.577649440228825,7.092589598097869,-2.2134135902949783,4.5142833661505835
1,18.901560831578216,14.844773433574698,-28.885445888598383,-31.77503901617638,35.37894908044708,-32.04944838816417,23.990880769834526,-1.0776592514978354,2.4255240015922923,-16.036817067502593,19.63023882571061,-5.3094828320824075,-4.926794753727379
1,18.152104661746854,17.378073462749683,-27.498605979916537,-31.86257143878662,36.77027314906129,-33.01249674365776,17.547709738745098,1.5408357152468575,12.958211264448492,-22.51320928013953,16.32845802484985,-5.254864618631604,0.549580573481527
1,18.361362012626966,26.643548513880965,-17.07289374848542,-38.929714818551915,25.542362300119404,-17.594758252582555,4.0475070602616325,-15.738310668267145,17.45074291159713,-25.556758436634443,6.778424043701264,-5.757660026353314,2.7090708974728086
1,19.113722955514334,21.17522211557416,-24.968793216535243,-42.76218653354303,29.18692242093087,-22.446459444253513,4.707205806346912,-10.711951376051854,22.985345730449957,-23.747065322232174,14.135155778123654,4.087325126896938,6.823478266720688
1,17.728741439687745,12.424067727519647,-31.343474681531013,-30.989984858719932,36.66938705116909,-37.60480105692966,21.817418120636326,3.7245566412696176,7.093385640821857,-20.082767423587267,15.128805191171608,-6.46072127543974,-1.9864619191216404
1,18.1890664597739,23.477424602372803,-20.361817963891987,-37.243622069607426,34.57799165821172,-11.95676183582008,11.573223301112714,-11.482460320371866,17.938073895969385,-26.239119464806258,12.891091420705058,1.1229571198992123,4.992757655672708
1,17.2990009451429,16.1929192889911,-28.548201958744784,-33.24487359370391,36.846185932107986,-30.633882947470056,14.367711201698553,-5.913137863901469,4.871393172516872,-29.949425229304527,13.121728493341157,-4.910651184248478,2.19893277384734
1,17.58163128670371,17.204805696548462,-28.07189970615584,-33.435420282764255,34.64061522654412,-30.682604006370273,21.204443647587226,3.5716052958426427,10.73126521011193,-25.045960393450567,15.476103120034288,-4.948488956432112,0.39417535781105295
1,16.788862625815664,16.671543495169196,-23.714943414085994,-25.800321654980387,35.586128503442154,-34.93791985894633,19.420570239802064,-2.9749754267631663,0.6927475360493499,-15.757687134514448,17.597461139321823,-3.307822524094511,-1.1674339677543
1,19.65483046071578,21.955123717029615,-20.16500065924716,-30.45044005979196,45.96811405777701,-13.739138110018231,4.688968968176021,-18.076108740904175,15.727865327624729,-26.453958796211225,14.11714084662644,-2.7461074666431644,-2.545021615114695
1,19.023934064668648,17.718979124349186,-27.30124897628822,-39.11197488168424,41.789868782915235,-8.718347105916562,14.444448308013323,-11.602656733072893,18.011576659949675,-28.545336769763058,11.261555371799071,-2.3097526012377245,1.3633531222145234
1,20.12447394211423,20.66511630082079,-24.700224436666,-40.043353385092246,33.82700323350295,-16.23898755653056,13.761161083631038,-4.346474887441912,17.930126103508165,-35.303142649896294,5.529958375005144,1.7189886259260476,6.560713847173731
1,18.77951892976473,20.46911514560322,-26.11280164471245,-44.73070437573503,28.121994309628562,-16.789234661751756,11.985819733652521,-5.161885611744004,24.27762955935582,-27.10855549258912,7.233775177812378,-1.4690726105876697,6.1771991573520255
1,18.410954030502072,17.852171406614236,-28.85201101875855,-43.73124602193871,32.92923491685887,-18.77695535499591,12.139968488364442,-3.651494914800944,24.455524860584575,-29.571720670399486,6.838284824714469,-1.1136161535664297,4.422753905724044
1,18.005418552403302,20.122905272808417,-26.362228330537167,-46.10327875725055,27.04294548653122,-11.67227317291713,14.766010337524822,-5.66591956378398,25.921587830411216,-22.38667964902345,10.359836741525257,0.16086885041308766,9.356393931376498
1,18.62358873254426,17.647473561710193,-27.03548105770511,-36.781306324413094,45.075865077580026,-9.632925687733636,16.927453823758345,-5.930218380740765,21.99623507553919,-28.339213069001683,11.163266014228181,-1.2741838152640264,0.790506456115042
1,20.46409673560581,21.599132965621113,-24.132759567683877,-43.534177974697876,26.035326878595132,-21.865313325958613,6.0007482895394295,-8.022968408078626,23.86497434805281,-27.37054253482679,5.088928117852935,-0.5118425075770271,7.420889984173822
1,18.309647901136024,19.58921287237123,-25.403139095135245,-38.787785166023966,38.339530125511004,-15.095610221636639,12.44547043152574,-4.715583929273673,25.292122919906294,-27.35606381546602,8.739058678987059,-0.11492439078213854,3.390886946990902
1,18.771488425743794,26.428426044816153,-16.04832227751136,-48.19066058107663,4.814623917733551,-6.375358850937825,15.694401286218293,-15.59279457188744,16.419914516148,-15.380699334475423,8.452512924166413,-10.673655130332321,10.452265171480983
1,18.063707511784852,19.653033150810664,-24.87909863344219,-38.58366779530959,37.454736653989656,-14.601852621365863,12.981070137416935,-4.572886292151248,24.361638114177655,-28.14883067017497,8.028752001636493,-0.1455777442154303,3.653695492668739
1,18.316408181642856,20.04784380245865,-24.772002104212785,-37.91442070455652,39.16789469398146,-15.024661923112747,12.459137176057762,-4.647517255602328,24.814429553368775,-27.943589167304108,8.557526144284578,-0.9880778676455025,1.9409616388607445
1,18.70124969424956,18.302298534397522,-27.583633163610394,-42.447196631033904,34.95501879633474,-17.66449145189994,8.328699143688812,-9.466058608134182,24.95541179207017,-24.732758201487883,11.77097995384123,2.259811458886629,6.51691648649918
1,18.776615627319195,24.237482898450107,-18.06592780491307,-33.47614115304054,42.59927249783848,-9.997753872455458,8.76700895719343,-13.781450713402327,19.271724744194362,-34.91046809830723,-3.009333810713345,-6.981718242995899,2.7936401842164407
1,19.15756330231807,21.557784599095594,-23.305490453919923,-40.79142582883671,33.30998847036743,-7.714700448715559,14.798427041473635,-12.948409081231967,16.83777028518939,-24.230477171452407,15.719375063694237,1.2610393995736475,7.676400855725154
1,19.44919481633193,22.775674451973686,-21.44139204923852,-38.52180346623188,32.22960968210767,-18.530964513188582,6.606191154885209,-9.370413114299081,23.505785801806876,-25.04295280876305,9.626474111531993,0.6072836407635903,6.000752711650642
1,17.660346583367623,22.77984198467752,-20.4302029328718,-39.92327095113178,28.242347945801196,-8.729783448166994,19.523938450869192,-1.2735033224593029,24.695241622659353,-22.906833087048167,11.931875938685707,1.4018232993132727,8.988483542945803
1,19.287953221699905,19.505934053905033,-26.11597400689873,-45.4762341571963,28.63990021251085,-7.523976744118255,12.838418562054613,-13.456505778251362,24.89652024731045,-16.000785830293182,14.079080191135867,-4.4121510526833125,8.548352436521563
1,18.79068312219612,23.39729723414976,-21.639504356030766,-38.24749514999351,32.95318985783926,-21.77944545130841,7.9084649673017156,-4.859845288913738,25.10199294571755,-26.068204069697476,10.779530220270548,1.2912938853137845,2.9735476450146083
1,19.24792847278743,21.61511005090839,-24.06099732631786,-40.79439256714354,30.903959228276438,-25.85902120023945,3.240537923542752,-11.053620346384127,19.146693215616946,-32.110721737169094,5.94378238925337,-2.8704006766541923,-1.9824431219673828
1,17.96922184069686,18.282736591643367,-24.728058593749164,-34.519675684477896,43.1234431298624,-18.216166833120475,4.280199109095904,-14.689533198064737,19.585022432039366,-28.295631909591854,10.969157633702483,2.056561039193805,4.938531120769529
1,17.797716173495044,30.61088994091563,-9.732388333167155,-31.92055727187324,26.76504753507316,-9.318870463615344,8.91781059321949,-8.386240722210031,23.954068374743514,-16.978323321838825,9.912273345735741,-5.10813332835551,4.9918370515828805
1,19.366113247281564,21.995700477319378,-21.625989861057445,-34.81977383364784,39.064420644972365,-22.514241788319357,6.411568185019894,-7.623279327062963,23.852256451574977,-26.932186168671585,13.098558631778431,3.9094494104506334,1.634681072224953
1,18.633867220390126,23.750088030196213,-20.562504083221917,-39.71176182084709,28.439156612837003,-17.09668942353283,8.798762036242277,-11.933855346701558,15.62881677165694,-28.06659811463005,14.091565895431462,5.49403235215598,7.632934654327081
1,19.113675236528326,26.13447673321564,-16.17782699081078,-39.22846225352003,26.141199593940325,-0.973728903073791,19.44961076825707,-11.710696558082061,17.867908876776475,-17.834386075049103,17.013486914889793,-2.6599933024807667,6.180307379906406
1,17.84427322074008,22.517909465766905,-21.236085271462827,-38.03298848036989,32.70485794754717,-19.815504184729825,2.3134894230609757,-16.94359844138943,18.147949155872546,-27.221355127628424,7.800812884247506,-4.6274396264430155,1.6342972216492422
1,20.26868098924126,19.532181544790863,-24.97990325181125,-39.51606134032068,35.417474413710885,-19.43347797053692,6.922930326356572,-7.7225849013116745,30.00692940951845,-20.162358149666886,11.382399240138811,-1.9807731830992725,4.480531008113184
1,18.34743775696728,20.35059745533751,-24.811776756960594,-38.97062407517593,34.97855964690288,-21.028099760516803,9.055322389709682,-5.545609779473831,23.49843298227061,-27.392395873344924,10.622417681994294,0.49249138379198487,1.720646915852348
1,17.983960045068883,25.9990532989691,-17.795833583003123,-36.98675195154834,31.2214051430913,-22.683866486518447,-2.555296585689011,-18.541086722569577,20.2783337588973,-25.590693409843364,7.113582793534709,-1.9341474663770113,6.794689342033257
1,18.042874019130647,19.956210611048228,-22.845419458337574,-41.3160974152249,27.678174085770603,-6.630116236148553,19.865854050044412,0.6367948904388596,30.76887190387727,-18.807502490830007,7.734137652285246,-3.891550556119375,8.461873276829365
1,17.82066606556847,25.899946890579113,-15.976690797705896,-34.75969249466207,32.664748187368176,-7.744398233526683,9.421246642031395,-13.8025361627291,21.822403318371638,-16.98345780111269,15.292693877089272,-1.2659581471283101,6.136010493292662
1,18.362495704617974,21.27611861210828,-23.83727053081853,-40.94162387812452,28.015586266195857,-23.19522889495332,7.693358524424006,-5.778161462459794,21.48128283892466,-25.90243187281417,15.213937075109639,6.6889138937458466,6.7201324728813345
1,17.840026134846173,26.01776231700421,-17.565787800060015,-41.16175680649677,19.44279682034256,-18.294646022847132,12.481115499926126,-4.022675400113801,20.83306733279205,-24.76955949586173,13.01624284815879,5.0440458492886995,10.50764508281106
1,18.002457007265537,24.293486909435305,-20.87521604018145,-42.12387276826316,22.568452944680388,-24.387666982024744,5.685481340183697,-5.581242259009013,23.844323085298267,-25.17584904815751,10.52555320621765,3.336418131379909,7.319289923149469
1,17.923097593427922,21.317422886823948,-22.14739370317873,-40.49722384384097,24.637822298169056,-20.84464365354757,10.318095970051916,-5.469827785165282,19.23595583151927,-27.805255473180814,10.704552993085144,1.0858999773669273,3.0998458007046885
1,18.210104996201533,21.101814391330286,-24.298286615020956,-41.224552901649844,29.429386181796133,-22.82022775521588,8.38104075524182,-6.010577734207774,22.4674819677239,-25.683765898558025,14.848666083237847,5.556299043407283,5.967090648869238
1,17.383198369298817,23.866269826006473,-19.107681589429937,-39.24646842866063,24.975235444666552,-16.61866650579125,12.782621293666896,-4.586080785571761,19.280287956866943,-27.80431479253057,11.455322695219294,4.013381128062823,6.868584630898806
1,19.871392924723157,20.792800729678895,-25.121755707353238,-39.9411110391892,36.57500806317988,-18.74564913881876,7.849513005008476,-10.910480016798681,21.488464000155712,-27.503600386980473,8.963986785890503,-4.200682143363791,-1.5391798246972987
1,20.0465457229151,20.281588108063985,-25.31616101309187,-40.501168726885126,35.06305508673144,-15.443486333664584,10.16614125334467,-12.230626095879643,17.190376196960347,-28.060626488178954,11.193618349964565,-2.618932459096302,-1.2897754013183753
1,20.137537964141096,19.987673305409547,-25.696483226776557,-40.0406310391491,34.67113293138656,-20.79918894644532,6.400738397203776,-11.911855470574528,19.172504361900437,-26.777751569706123,12.736156427574226,-0.052788062423973395,-1.3215424270433507
1,20.237154756948314,19.22335438431254,-26.614017206042117,-41.414559684153595,35.50797865193913,-15.727612832952547,8.067111239764687,-13.90099049563655,18.554189314828125,-26.413504901485783,12.739935989688343,-1.1254636218456315,0.002210359213289474
1,20.33504621538835,18.607592926820033,-26.52438460394135,-39.048887980824226,38.1276667419506,-15.979823314661214,9.253217358453348,-12.482115197664893,17.854356475161275,-26.083041983114946,14.097195070027096,-1.3782094049824654,-2.4496781088488357
1,20.59217861625802,15.610594295811232,-29.847893910907956,-40.02143417106839,40.88978666959389,-17.905712280105302,7.023631742122006,-14.068756330168608,20.045715447796603,-25.34195780194518,13.650319132104292,-1.8285044732076117,-1.6362337463580112
1,19.94194541796323,22.145740852556248,-22.955901276027674,-42.0484073764334,28.878682797739547,-13.568993313642281,10.896537695685636,-12.47499152137988,18.36717612185098,-23.765711112672616,12.044554716205761,-2.202610142597278,2.8995258295549196
1,20.023712564447887,19.67103602967558,-25.676343776476656,-38.882979106452304,37.44231186444074,-17.832632194518204,7.333302575884711,-14.267807870540352,15.804697197633033,-28.496619702338677,12.868698894865373,-0.9902198326300942,-1.809038267876593
1,20.126307183614944,17.911948983372465,-27.769697853287806,-39.582188957810395,39.45610442812548,-17.944663190221167,8.121582352887838,-11.897877469236766,20.501520070402954,-26.42898870956973,12.205645594403341,-2.5106704023550104,-1.9291435600489737
1,20.384552697737675,18.196385413621577,-27.745386551358585,-41.00398279120551,36.920551917041244,-17.28406510589895,8.03959218908431,-13.344396877730226,18.407041123041576,-26.800040287669912,12.203173779106155,-2.2482589747518684,-1.4398666406318827
1,20.297566178866486,18.981275958689665,-26.60145064486369,-39.295556790208,38.520477446088265,-16.98070344152542,8.167255172900784,-14.060605138799046,16.15379991472892,-28.884191315049364,11.554929247836363,-3.199023816432605,-3.368120026421928
1,19.517051130007747,21.237955299020893,-23.73317852348834,-40.45581438867458,32.31229643907605,-15.034501063759611,13.569818089625835,-6.683326693567704,20.892367001784677,-25.925408349268015,12.391428267906049,-0.3605384401459531,1.9309288942013771
1,19.25495301362807,23.686452803493143,-20.47659864668079,-38.091428672759754,31.989335547522952,-23.640094926987747,1.811700509287589,-12.010070297071088,21.67704381794841,-29.8454042607676,5.580449630419643,0.9917036683935081,5.965887065300451
1,19.32816989749109,24.34594812674872,-20.804796841779424,-40.80405260797885,28.55061491987472,-19.73487521457887,5.582921937259817,-10.013802782137475,22.67669325420067,-27.43357406476649,5.658031366463088,-1.7533485046893302,4.791242232744895
1,18.359680007463993,25.061417716142767,-19.65592921229047,-40.596683591860526,28.6820031898976,-14.800983197287021,7.309159256146444,-12.306188543543822,23.106479348839844,-23.039528331076077,8.1710064263704,-2.5319398737907295,5.127050595204219
1,18.362495704617974,21.27611861210828,-23.83727053081853,-40.94162387812452,28.015586266195857,-23.19522889495332,7.693358524424006,-5.778161462459794,21.48128283892466,-25.90243187281417,15.213937075109639,6.6889138937458466,6.7201324728813345
1,17.840026134846173,26.01776231700421,-17.565787800060015,-41.16175680649677,19.44279682034256,-18.294646022847132,12.481115499926126,-4.022675400113801,20.83306733279205,-24.76955949586173,13.01624284815879,5.0440458492886995,10.50764508281106
1,18.002457007265537,24.293486909435305,-20.87521604018145,-42.12387276826316,22.568452944680388,-24.387666982024744,5.685481340183697,-5.581242259009013,23.844323085298267,-25.17584904815751,10.52555320621765,3.336418131379909,7.319289923149469
1,17.923097593427922,21.317422886823948,-22.14739370317873,-40.49722384384097,24.637822298169056,-20.84464365354757,10.318095970051916,-5.469827785165282,19.23595583151927,-27.805255473180814,10.704552993085144,1.0858999773669273,3.0998458007046885
1,18.210104996201533,21.101814391330286,-24.298286615020956,-41.224552901649844,29.429386181796133,-22.82022775521588,8.38104075524182,-6.010577734207774,22.4674819677239,-25.683765898558025,14.848666083237847,5.556299043407283,5.967090648869238
1,17.383198369298817,23.866269826006473,-19.107681589429937,-39.24646842866063,24.975235444666552,-16.61866650579125,12.782621293666896,-4.586080785571761,19.280287956866943,-27.80431479253057,11.455322695219294,4.013381128062823,6.868584630898806
1,18.17143587425321,24.812870751419975,-18.784943078562613,-38.307167014332585,28.310365793290995,-12.430592012615607,17.61191388481747,-1.9444306541547387,19.88304185164195,-27.269277498514054,10.94555255624751,-0.6271769429289604,2.5820760838197203
1,17.5444911833346,25.16430764005554,-18.881749201567096,-38.59322095257054,28.842908947354594,-17.698174620820545,5.458721851888472,-13.83151025194612,17.70048067181763,-26.03066792784846,10.9414373983991,-0.2487549136283501,4.348606000152721
1,17.444542210692177,25.96928216581893,-15.766190079635523,-31.94328700668942,37.57042632974267,-10.710810840998555,11.00844570092848,-6.5071743310528944,23.765271965613074,-22.656130294925156,13.223221316517895,1.3456954756089274,4.0815329686517465
1,16.035775373558995,19.5312828304837,-23.210272430800913,-33.20663614244016,39.8401726032706,-22.483607548904676,9.821345643329463,-4.555766789440428,19.333140982399982,-30.307766737372955,12.678593668290455,-0.054545752963489715,-5.567508365219695
1,18.184495002535378,20.226110239932655,-23.842142563888267,-36.532637383448154,39.23946748407908,-21.61674864341325,3.2306038569218702,-13.706797481395045,20.047958767756725,-29.498823259499307,9.557974684936209,0.2205360864577641,1.256579124054057
1,18.983077256822543,24.215304708872598,-20.538225612165,-38.45008049635506,32.7459682609848,-14.571486450250406,11.139461460300291,-6.762617137193645,23.813152007366952,-23.80465730019034,11.867503640938946,0.6445832435963549,5.257213054134351
1,19.90290365318091,21.055222729732233,-22.55491363744922,-34.94346914507162,38.498008651789156,-19.852381122668188,11.677505644403075,-1.5061376761888545,26.12266371768317,-26.08139874283712,11.053891501731735,2.288579476836727,5.374427286095986
1,16.052185345169914,18.811936746912572,-24.408649557642914,-35.85987949705482,42.03172147657785,-11.087320407119227,12.009063426213515,-8.514474561903581,25.13338195590614,-21.856655760093002,15.277246304036286,1.2819264304544553,4.244967733430854
1,18.76956663990948,25.094119113443323,-16.907225905600818,-31.735655274558564,35.26290947634979,-19.31358743122744,10.885394366525693,-1.4850949746971296,22.928042262979382,-27.346212014263315,9.181949461102755,-1.6146510190734158,1.0938786850418365
1,18.028323806465284,20.407168894008034,-24.38327547456765,-40.1696674748486,36.51688830001808,-10.939402576320436,14.473780246971835,-8.311869823330818,22.10259491648446,-26.88219532573329,10.824415035802925,-0.07996677656587386,4.56501961313288
1,19.067719395625314,21.16805593836689,-23.66127513626894,-39.05829769487409,37.49658283643455,-15.094104968906477,5.505136693170423,-16.893938103016144,19.401901072481536,-26.534918717590266,10.042038694410602,-1.7322643086458773,3.3941592081381953
1,19.843831375393442,18.937258485406662,-24.33324872981972,-35.670590931868695,40.369151786764114,-20.249125387548883,9.651623274422205,-2.945130923170053,29.724568196363073,-23.995274136434364,11.689415233551436,4.10344228796248,6.9003805679210375
1,18.406385499287627,21.747488271687498,-23.183628301689676,-40.27582446007281,32.189274540109786,-20.62142372462279,5.849171453276076,-9.084017364586515,26.795624766020836,-21.401621331613974,13.96045851834347,2.8175706307582034,4.861863812682739
1,18.48712898157598,18.36075778352928,-24.605225936027182,-35.357527707163506,41.36205836062283,-20.881619152442692,6.2969524385496145,-6.111273838291288,30.29041060989316,-23.680330534536786,9.831317183965945,0.07020896151193005,2.956554039019427
1,19.015379350571443,27.285319180272502,-16.429065021406267,-39.61122491808677,24.707842847162084,-21.429328509787748,0.5634938997366317,-14.53244932793723,22.289795559548104,-25.12506638637602,5.547642754179545,1.3211845621842413,11.846861447148633
1,18.433348512411385,24.637454487650583,-20.358753653800225,-40.43387411723628,29.635011705536492,-14.964667017886748,6.2518274416799215,-15.848610559939253,19.269875335786946,-23.18316934949008,12.077833140647954,-0.4611397655656585,7.808416816791718
1,19.146383367688742,24.455369103259553,-19.161114148504954,-37.24025092034206,33.484122221842384,-9.751278443052277,12.992255727004286,-9.17058868845419,20.938825612021123,-27.12725149358883,5.253197006367774,-5.034464326934757,6.416413969581707
1,19.535192616539952,23.764708861057258,-20.891596987126,-38.270064322607865,31.735698059710845,-21.48710064264423,4.820792165868849,-12.10785145143114,19.45715023435937,-25.755398618282427,11.204174167085974,-1.2775648388334195,-0.049251766947926344
1,18.94183314475883,22.312306189154654,-22.203001696299772,-38.450474493029546,33.38326051529588,-20.205019464617752,5.279187124482628,-11.719489878582987,23.804305299979266,-21.14102323319495,12.956636653124619,-4.345125382247085,-1.885698385913842
1,17.928483529505776,22.218424388153757,-22.24050988639171,-38.57262399805345,33.50713058400323,-19.382085734257632,4.516556552739205,-14.550156409861376,17.745866868264603,-29.21521166430569,9.043990893907411,-0.0842396014205742,3.997670100364498
1,20.63961343149535,14.554955316879646,-27.90950120209094,-33.84073664973784,45.88804275323348,-22.351876393936134,7.099836186350037,-6.949229227812776,24.19399776888733,-30.688473901460444,7.695945228989346,2.1600709918554637,4.157461744068483
1,17.29774194486528,25.790195468473197,-15.37776586887023,-35.61821511973457,28.24525531899187,-8.767816837906379,14.099634737277883,-4.9960690986495955,25.25495306293546,-20.367787304680313,8.280528373612494,-4.234568701708525,6.221471733677176
1,17.89124525219837,29.811581830849963,-10.231638196227053,-34.27656888528913,22.9332909651996,-1.9567061987632592,16.14979485864056,-5.139699969323359,24.733289332301755,-13.123760695366082,12.537533116811327,-4.511323286624171,9.580246845614187
1,17.853999153218634,24.132306443006616,-18.861560796704484,-34.431509832142304,36.06540394537999,-18.134092296230317,7.514866945006073,-5.73545161209062,28.31669075928835,-18.891606215803765,16.958069653335688,4.998833374967462,6.076489472190633
1,17.90003545968288,24.225607136162058,-18.957322232871427,-34.17796037151685,38.66511963950669,-18.956181603514224,2.254450950347275,-15.558032457336584,20.239673536905418,-26.950746551033095,10.039637507925141,-1.3498268017205037,2.784553592783326
1,18.1965725087218,27.591821654404086,-15.04556052278194,-33.62263462198741,32.97877535369993,-13.628332521103783,8.26390970848062,-11.536006512571689,18.893066656909355,-24.758463432820182,11.536423050014994,-0.495118889344555,4.34348513630457
1,17.787849711354674,21.169506557708505,-23.998843992228764,-38.97601255492868,37.59019428949997,-9.833681433240226,13.091577547512424,-10.35691399719793,21.3390054915132,-22.90622411527554,16.005228365124303,2.2436087685886887,6.510522457368656
1,17.84427322074008,22.517909465766905,-21.236085271462827,-38.03298848036989,32.70485794754717,-19.815504184729825,2.3134894230609757,-16.94359844138943,18.147949155872546,-27.221355127628424,7.800812884247506,-4.6274396264430155,1.6342972216492422
1,18.781049529437063,22.5223530569068,-21.344248190639593,-35.120925289402734,36.71918378511345,-23.11646946343602,3.1318201250260085,-11.551724197886006,19.209409739569953,-28.717537558819757,11.409172412927955,2.359344885780739,4.802605306058877
1,18.77309513248256,21.330554803848447,-22.666872651828243,-36.14802209618736,38.32596573027722,-16.16988705285788,10.323772805069002,-6.821301453827622,23.583230503337703,-25.44063131446907,11.428691843092365,-0.9141346077868973,3.037666708516279
1,18.084250201723428,23.92075735448172,-18.521161936039444,-34.2338687836902,35.09896985871356,-12.276326945456098,13.237736198557373,-2.450069779554845,25.594270101764288,-23.27708944487352,11.373831002795367,1.6575942676501298,5.85463557480856
1,17.765579604429135,23.026428006398042,-19.6783393781591,-35.60963731973922,30.983897459242545,-18.122152585722592,8.79622812678724,-4.8743294184243915,22.763157894493094,-23.39413147013396,12.881206552174618,1.3218874703491186,3.6062548436236286
1,18.287331731840336,22.69359031581166,-21.4697469556765,-36.78830744373384,34.74812434756577,-18.957581686054368,7.3655188010232235,-8.089396854580723,22.57995787543652,-25.583837627572727,10.899037690299037,-1.3477723975724771,3.3444554947136624
2,14.428774288976825,28.58867904202129,-5.285562705574736,-17.94942756562956,18.201400689546556,-29.461862362760478,5.647541873296631,-7.088640957228419,-0.7172015916967099,-15.846955042847677,10.266588040289204,-8.810021479603728,-1.4328781127720664
2,12.812429203920741,28.579464183590524,-3.6600591961235844,-15.51482805825275,20.307320610329224,-23.14373346623653,5.243509183962224,-5.79700009571071,3.144907599365527,-14.122289890885156,11.325487440991823,-7.0010381036849,1.072058871204369
2,15.733891528169385,36.3889936360531,7.728666805417288,-21.448805761409947,0.32549025417302807,-11.144506003122771,6.402917861336696,-10.144834399079592,9.826778452164067,-12.135429532276401,7.456983130367623,-8.72194454334978,4.344547172211922
2,14.354216946160275,32.30830321794355,10.056599687099995,-5.111437349824048,12.710961566813703,-19.642662780632016,-5.862869246364482,-6.6642166561432825,8.69662677637057,-16.53911280747295,2.637114430106593,-5.728358213296766,-1.1833429686775438
2,15.908514673157278,32.299872533909685,3.15520588920104,-14.17227188750024,20.190454489884466,-8.743130749315085,-0.22970653953033432,-13.099375982843002,5.749738543281636,-23.941908676965184,-1.4081757954779708,-7.285421833248245,1.5358319218942387
2,16.02960911545405,30.481277050697106,-1.9022954797325706,-20.53609463348247,18.868880674775667,-16.116071941058063,-4.572687516449736,-16.499510049055296,10.027898419658653,-18.114864229477682,7.587380696260797,-3.2290826625840987,4.3803880625807095
2,15.952012189176244,32.67870586609978,-1.29585719740434,-24.668272626337423,18.963166072485834,-5.56221103700947,8.933050317923785,-9.333682705734573,13.262359412716297,-22.840067319120248,2.284345449925936,-4.470128736100304,9.787066237815443
2,16.005689705698796,31.783346178501322,1.8409003437458205,-19.529286969316242,10.61702929814608,-15.61562155062522,-10.897179538521597,-26.625787020414897,0.959815633809208,-17.851810170831726,3.769541997284994,-8.613359227145454,1.9735162796579615
2,16.182435096769666,31.648354214866057,-4.5571220352129,-26.163861104854803,20.914123096553947,-14.092290453065331,8.494942265746678,0.10171698825878561,23.5921428561273,-18.24349142490779,10.698456516175904,2.5769093144928514,9.000023310246926
2,15.020539909160261,31.574655570025023,8.862128179887447,-1.3057138600359857,25.401200504795906,-13.618368707539076,-7.6209503816985,-10.072925728671546,6.870377598974031,-19.89223799363226,5.52839408203671,2.959097906716187,5.607333597289093
2,14.14526801077894,33.630637500207186,8.134601425679952,-14.35993362265653,6.892775524582797,-5.066268968445616,9.454170174404604,1.5249174646007255,17.905725206530732,-8.634190796099121,5.922873721148046,-3.6115635538783106,9.609296870317893
2,16.00813466040944,28.189077076536453,-12.266150909544848,-29.187961280967784,31.192316147498573,-26.607760799751798,-0.5191629720241439,-9.53662160536887,18.70595022146454,-29.795979103979523,6.0437526772820345,-3.179042190691737,-2.608069502960397
2,14.413437478691774,28.313988055637722,-11.07980095785364,-26.664928106431926,34.71400671267617,-23.019257272786003,1.8172269703075583,-6.64541732884182,21.03635504119907,-28.914003270076652,7.000644533719868,-1.1872628409529213,-0.0402641311960327
2,15.229275114947466,25.07482674792116,-13.48114996154591,-23.57638201959168,42.638258146244766,-24.64331541092291,2.224372337657091,-6.570253464420806,17.752090254512716,-36.348040314177126,4.938791476550144,1.888291142923965,1.595015586245171
2,13.89694511925617,33.184299000875264,3.134685870028024,-20.639512931517622,6.368740678773882,-16.906354916269404,-1.8229504249029873,-11.65974591984114,5.220309513771157,-24.769997040507135,-1.402153634911062,-10.919613570919099,-1.6016192106979519
2,15.693321243819163,27.67580176168371,-12.459526746985846,-28.698479639668648,31.207183411796034,-26.505966629422623,1.377260524725945,-6.779838063032648,18.293038556265287,-31.31782437008028,6.171889660684606,-1.1978161986395315,-1.2496637239869404
2,15.320951793482879,31.33561728310029,-6.049995155403259,-26.861161325221055,21.58403144273953,-23.121120752648142,-2.1879358348637883,-10.36686493828536,14.909369258753925,-27.280033221091042,4.046407427773061,-6.074706484172706,-2.8751016398768
2,14.846765061684525,25.489581909433667,-14.363644514865765,-27.60867937394842,37.89406839290791,-22.018820634293046,2.2981598830712917,-8.229173153062728,19.654590337811705,-29.990054786479348,7.9278809361287506,0.6667738314386802,0.6116201974544386
2,15.776668362118752,27.8348322297671,-15.150420539921694,-33.61697331124349,29.61733745425606,-27.365708410929646,-1.086915092699396,-10.489097021369576,21.218401002933458,-25.235752155212896,11.906015800780676,1.9956779996878466,2.323155735421824
2,14.882898574545496,32.30529352335907,-4.534610410913987,-25.034664065512427,22.21885374101627,-21.699704581567175,-4.011281862077881,-12.861855450409918,13.834093077331495,-24.569333479952665,7.407988402935649,-1.9235917228577006,1.4168305020823357
2,12.469068125871567,28.822987519004712,-3.680831996137828,-19.541306180550837,27.085874236685655,-4.62858142296017,5.633358661719917,-4.1220558728881,20.998316185841208,-15.769482378520603,7.1289673867603245,-4.183362788198908,4.029613576069285
2,16.694503668094686,19.08639857280215,-24.468403719054066,-36.26133468215153,41.77619305637272,-19.71717203640429,3.9035903417394526,-13.362372487270706,20.37748188205411,-33.69365909702584,4.733924600660111,0.6597029320312585,3.8167156257000885
2,14.600763725962915,29.117471213221815,-3.88749717613837,-16.89487877765718,32.089107681597476,-22.942869236515573,-9.49786442141926,-14.782565977055395,13.611514668842165,-28.072487857160326,2.0945453822520768,-2.781228870816445,-0.32726872015602426
2,16.632272949221512,28.075496588985207,-13.085259694901609,-32.070831134693904,29.63158578313908,-21.85660078599293,-4.278738934368187,-18.39268177252083,14.934763225695141,-30.665880386156733,1.487603369472837,-5.517827868150652,2.3524542690953623
2,15.80542303088333,26.817450497998852,-14.721062385312244,-33.079860140163966,30.716095449420806,-21.331037850581083,-0.8962638563958083,-13.975142148965533,21.11475299425172,-24.87552967398103,7.396107407856597,-1.8140558522354482,4.2955068978416895
2,15.341148145674653,26.91092959852888,-10.081293503836811,-23.90485170948372,34.678707047532455,-18.339745141499023,0.5522384726228139,-11.990711827448896,13.780138455372162,-30.362786086371063,6.408908918623992,1.3019915093932628,2.410738613167342
2,13.338095802736875,30.125803962287847,-0.9579359831846401,-18.481688083104626,20.846711880904586,-15.202799905642504,-6.361598030353504,-15.517183945320696,10.972357005958678,-21.30103903130744,2.7387759857408494,-9.758321997040547,-3.545791912299249
2,14.580482327992872,26.372262558728973,-13.435530630080953,-28.834370671224864,36.2718430815199,-15.315079064994471,8.608972357680766,-7.456464461667959,14.995433950232808,-34.02996483589284,8.74339969121195,5.118803506747506,5.969612964220803
2,15.204829805100996,27.920213498078716,-11.918451901881669,-28.580172701625685,32.33450025111031,-25.490264047370207,0.14779588481478664,-9.890810059884052,17.287507543203454,-31.92083771129811,6.518825681829282,0.9767171292879236,0.8792813274195745
2,15.253630938590351,25.097841091512937,-17.082590267424667,-32.733337485575454,34.97303069081688,-20.568691795839314,7.790585576495525,-8.486790330074818,14.001120492167473,-37.46761541018605,6.51002293735942,3.676095249765138,4.209892416206527
2,14.227512965515873,29.228783529989997,-8.88326752120437,-30.94551248288134,22.254578316616346,-9.30351348286737,8.042050673659707,-13.066814908974887,8.825692977878486,-29.56040748644521,7.261917033060615,-0.006703255185303499,5.608289186381032
2,15.081618061913971,28.903351473664248,-12.479393749653033,-32.023048055736695,29.167991750054984,-20.42879399976496,2.01353361337856,-11.230946171091126,17.317882799191548,-29.538366568326868,6.024368933510552,-0.9934151499597444,5.707421525817122
2,13.813976943372069,28.216129065313527,-5.93162938692163,-19.48201098991609,32.01158688497247,-16.392069185535682,-3.0985187655758084,-12.950372894982639,13.760478163784242,-25.044214293871878,6.762922044976755,-1.2803496634939087,2.2757102070912585
2,14.623859401454931,33.23095651885897,-0.9812620525439076,-24.021738104496247,22.81953926916963,-1.6053764280388276,4.204171150207555,-15.70844004490578,16.38360106834584,-15.779204638958332,5.381656911391604,-2.529546861411663,12.589286498708631
2,17.262857072514763,30.973864213857926,-10.706424897125485,-37.205969247092355,24.27721637631479,-11.38060982445246,4.156633580179871,-16.877506874513763,22.765213129348385,-17.962594135873964,11.448763665767025,2.7552782828465983,13.237269579859191
2,15.332424664339067,36.13102536040232,8.383260724165952,-16.864079289583955,9.195666929436472,-2.2506428066282154,9.182449616834855,-11.392836246635113,5.764682685131604,-15.03489667441778,8.670565402606,-3.321333278621814,7.164505975850669
2,16.289193969029476,32.47950312392286,-3.615661800142153,-31.631882948444243,9.236491088216322,-13.25323534843094,6.66543750705774,-10.60627301992744,13.29821344296817,-22.901361411367965,3.5059530671365438,-5.377595379194727,7.125271816954248
2,16.15505214967903,33.91155795088847,-0.7892510409818174,-22.82339549597243,19.618862863725425,-19.163887236787303,-4.039897420281734,-14.31164267037186,12.19412948383056,-22.345629233042775,9.069057492910352,0.738862274757129,4.52938262841362
2,16.389547774064223,32.20668095963633,-6.769749882813923,-28.632097435506953,25.260046164679657,-17.2780292564728,3.923536162380809,-10.228987791435424,15.767644417139483,-25.630646584071254,9.326324859172058,-0.4759436895614109,2.8254929272681983
2,15.966934921523954,31.895448821335595,-1.4894447617237259,-29.319295409797018,10.29845623082976,-2.350257116313707,10.739689025890314,-18.88139583466561,6.876529603408032,-20.401505694890716,0.5346510426412464,-17.31891401990747,6.734256071826538
2,16.913793660600486,33.133300441408714,-0.57425354897218,-25.060688723781738,19.664770276491502,1.184324885720968,10.271880062960069,-22.529403717122396,0.29901717845379017,-24.574904690485752,5.450972414906763,-10.644668028547304,0.7378612870191523
2,16.27983357745357,30.98513765779796,-7.347281509332305,-36.512259995793166,10.677066696051945,-7.356431697951746,11.43710428427604,-15.625625817021918,9.540390376986101,-23.557301691530082,6.400303023941633,-7.051764119638302,11.673587248648628
2,15.970179845195968,33.634175448245685,-2.5714673283155833,-26.58321505973952,24.861942109891814,-2.7512124627553685,3.616588381805777,-25.505903846251783,8.053865761529345,-18.543020339835614,10.950672018615428,-6.663142536769956,2.210885472270351
2,17.162470191631286,30.44466760240741,-8.325400352301997,-31.836859023123544,18.385817444104298,-20.31158943361973,0.5101066432064071,-13.499495707475845,13.700468119140101,-25.318702294902447,8.464818367577863,1.5100362142014079,7.289147261425294
2,15.655041172172712,34.800010222818905,4.907671477038192,-19.246713942168036,8.319268123664246,-18.513458466336864,-5.01181101235965,-13.93514684979457,9.658187543541503,-16.644430308180347,7.60275215731791,-2.7801672296791247,4.470282007316465
2,15.74224327277672,36.363264687526666,6.217231001530783,-19.531223784997902,10.289491877127578,-5.896411868674849,7.4125029007437675,-9.544119116593665,9.915727938898623,-16.658606455678004,6.499584364102053,-3.740671941309184,6.931329746707508
2,16.024643753302144,33.57856620049953,-1.488373360779196,-28.14035823419284,15.432446173143974,-3.4679439013535758,7.811079923801259,-19.315390181460586,7.597207425570217,-20.646003836888696,3.418800825589697,-12.946542220754587,0.824631195130957
2,15.628387976764134,26.902306884055303,-14.894347429160346,-30.99930099193365,33.20127359075176,-23.73305486468916,3.324325475538192,-8.439511104373596,17.16591046835497,-31.83553179878663,7.163862705431673,-0.3051048197425859,1.818429311251388
2,15.709181511354695,29.60508758326499,-11.007782612432852,-30.695869383081575,26.56487799607189,-22.643772786166164,0.5096195184900679,-11.229027658226785,15.47100148887168,-28.334201426671953,7.926036550555501,-0.7864518615996137,0.5435420184317834
2,17.318961751758774,22.709265503100426,-11.413759799192631,-12.367476045896753,42.97744476413778,-28.77823407912165,10.955178985585146,-4.202894752275716,2.0820385754489172,-28.120163723126545,4.102552262321769,-10.882493138443804,-7.530985163686681
2,18.39709746005053,18.763723275355034,-21.93347283302384,-22.240718199173276,41.0371440594556,-35.10940344515449,17.94426057228477,0.761591541306355,5.679299374177376,-18.983120323992544,17.482936165343613,-0.9064837642267339,3.032719219269009
2,14.627218619963692,32.617135087788085,-2.248161918815312,-22.106549316277402,23.675558311889834,-5.394174779573685,6.323998177582649,-13.114443683904922,12.434068218401503,-15.626807848944718,8.664258688461349,-4.330334698619194,10.4779237773468
2,18.10500256108558,20.881184387550153,-19.831186221469352,-23.293820414618562,41.951728232154835,-24.33131306400543,16.903694609422086,-8.068076265060206,3.2000686363267903,-18.91508179694476,14.118581886391132,-7.284679160531153,3.3257112226742733
2,17.267173557720028,30.19655874914455,-12.213700789720171,-34.72983516883331,25.14239548615397,-15.882605346670383,6.777308135845534,-13.844586184232709,17.829009792282935,-17.284251693826068,15.086316321309173,0.4003195593269864,11.033787906254059
2,17.420834111136067,28.035656553639402,-9.028365350367205,-19.34258954464043,25.993144909243323,-34.6985731670123,6.623061689476121,-6.046330624091263,0.8958608390791692,-20.77935710802165,10.609548117184506,-8.450999383641342,-2.0597628860199118
2,15.334033354763193,35.059925002892115,6.881940895226345,-14.505832547543491,10.822382205505757,-7.900995952137231,12.448047927519623,-8.119520895144875,0.4617615268741639,-14.541978862691813,12.601602419676638,-5.32046449006206,3.980871993228076
2,19.03018900279049,15.562978882074294,-23.778874057847524,-20.271642863363954,43.22146298700065,-42.21484747387604,16.592885786562938,-1.0441734593936531,1.446616316119665,-17.79763884913832,14.309186419365862,-3.757114799770499,-0.8532474701073294
2,15.439980518862248,29.632147987818872,-4.249283081557631,-17.850792898077856,20.21245381241592,-21.776461594841866,15.652025629905198,-4.79672690362358,-3.454849030557309,-16.17538281526557,9.562965085358275,-12.57932770046665,-3.0011775579004927
2,16.296053231747738,30.49754686485072,-6.009918759058729,-27.21469314993443,11.205949623469868,-22.64121179524178,12.986669463995266,-5.695884564921423,3.2491701078224073,-19.801599464364966,9.020751798204786,-9.657702006992787,2.981458864690787
2,16.635557813876193,23.929821084187957,-7.441435107812354,-8.235730426408336,38.1124388485988,-23.29731678015034,11.50560369500887,-0.8553645386043159,2.5942377028116983,-17.40125016554297,11.97092642320558,-6.519843610260667,-1.1751406056027263
2,16.184337380973354,30.477005111165678,-4.075235092020657,-16.191383733637366,22.1974575295654,-32.74517179463068,5.630073124677425,-7.945593340154107,-2.6879901706543703,-15.785947205434459,14.812941332650956,-5.067200788958034,-0.36842690148135254
2,18.991659807420067,20.985490820918773,-20.34895548757436,-24.01050368934755,36.057560939438176,-36.87180412412299,14.525292297194172,-1.7251947798762017,4.5443863606874295,-18.347493809420843,15.139267355485522,-5.053822303411773,-0.5787293207078296
2,16.43358966399766,28.722255285501372,-9.880425239101443,-21.792284126681317,27.082362516655017,-30.386472005884496,13.925302009484314,-4.275274112292661,0.4277115505233597,-17.972435083033126,14.396461126734575,-6.593423475935959,-1.3223590410846333
2,18.332096945976172,20.643194252652908,-20.872006739168853,-23.46710931444592,37.682204585948284,-38.19012365525343,13.691891349859906,-7.128999183636463,-1.6625640527583097,-18.637266069298022,13.848102792413219,-6.716032596717371,-1.7192808648787148
2,17.80008556331372,27.92148188931848,-11.311070269938542,-21.809920238800526,31.566939148518166,-29.91454589990651,12.028283707109335,0.9486557233610206,8.008446369132608,-27.52084280475754,12.308091003278534,-2.810127174637789,-1.7814338970155421
2,15.968536747532585,31.20090201371951,-2.658113052063727,-27.554615639251153,11.4314097904646,-6.32399132617553,12.824546554329116,-16.25949225600588,3.14705547520112,-20.487979433810033,3.700765289708631,-18.63394933671654,4.202316223362653
2,18.08477589337382,30.421633938361378,-7.948498436334889,-26.69131150209972,16.16761325537863,-29.166134773826144,5.868966749139687,-9.406151044877479,3.131251313802312,-21.802765670062534,10.204501521802225,-11.080380645326377,-1.3828909792422015
2,16.917480202532165,32.157223416169906,-2.0875508544411816,-22.642100387737948,21.102309697119576,-4.160802750597569,13.212544568538316,-19.16607279885935,-4.8396837466606915,-24.235496867169676,9.374922707769544,-12.564116700358035,-2.3492944181724913
2,15.973453385846806,32.60883777040042,-4.270600511467349,-23.8428763372763,26.235121535548988,-8.452242178093755,6.892326118503135,-21.9282329330476,2.323113674445936,-17.922453326199356,15.195148942477898,-9.061508206613064,-0.8015371928140733
2,17.216199854676848,26.19973231928397,-11.625907359605202,-24.044366772149047,20.46182991375376,-35.709108543591206,12.615217646640533,-6.7547806096330065,-4.770947304684666,-15.325759698596588,13.590623021745447,-5.244844438081415,1.977919642431402
2,15.67218042945679,31.8130389829348,1.377026744134352,-13.972252714224217,12.731922654208333,-31.458920050197328,2.438676990837221,-7.747151282058346,-1.9302103696024777,-13.059039305136954,13.422917051755293,-7.05027157185343,-0.8509076148623855
2,15.74410512291925,35.12782353950895,4.426825448757224,-16.623825081233058,12.075055603412949,-12.587112446976915,11.365656208311004,-5.6315030026392625,3.3522014487613467,-15.832441408135752,11.294503520512134,-6.438996627428014,3.2773560739687313
2,16.029805823146802,32.31076419488643,-3.320375430716708,-25.025780868648095,16.904422323612664,-10.053552537373273,11.943935128947134,-15.487779605702233,0.6834056333247642,-19.2286988162716,7.943643668591762,-15.940896514543342,-2.413775237256109
2,18.277953435541022,16.523425622518662,-22.552173129506016,-22.238574100984657,35.3467203664274,-42.01769410182268,19.78723130833534,-3.717642941252258,-7.722368982727026,-15.728243189551481,6.410231196633452,-11.047701407026219,-5.3067380392082155
2,17.020311953854165,21.62610974687257,-17.67073029213664,-22.37235659526816,34.16762121274109,-34.22873994496344,15.504816040101819,-6.062653595740282,-1.1461641468314971,-17.161309782260325,8.284434010664606,-10.05044751292851,0.13833063114294694
2,18.43766490532595,18.13186425819592,-21.183296115988036,-23.12812610786107,31.80733926004732,-43.0933080714939,17.270362978008727,-5.400844891147706,-9.187429021514875,-17.154314604214722,6.088922529058058,-10.778758996312604,-4.937028010984028
2,16.746211719913646,28.746479579374107,-8.703370768499711,-21.180867641557786,23.107613685833794,-34.43350584070237,11.908868101492233,-5.043315425828385,2.2298141941773153,-10.503809231086889,12.45667762291266,-8.974675974122086,2.624931120835884
2,18.556260882517144,19.310440986197698,-22.478927403827562,-27.799318401878498,30.577277014550422,-38.84182053045719,17.778690439799785,-2.261831240349424,-0.16845455851198515,-16.48598720059543,5.499248479855222,-13.15904368596415,-3.835390271568193
2,17.331421207143904,21.16239413015158,-17.808793909581635,-22.9739672243509,31.998707319045383,-34.432940792946,22.157155297305813,-2.605377414851009,-7.258468404182997,-21.31268880233568,4.327855973710034,-11.512331095057945,-0.6434695175376526
2,16.706380319416198,19.77653896268618,-21.916525284181358,-26.581454833800368,33.466055524761934,-34.48252799535432,22.852593503561412,-3.6494279019791254,-4.651640812510164,-12.304089112983105,12.162230518292992,-6.384565516346582,1.598781507701844
2,17.498652642826524,17.166386389421177,-25.822533436311133,-28.961731794332742,33.99389505057417,-38.32769351966865,23.03520562133195,-4.236987265455469,-6.371497478029239,-12.402495579012133,12.836547745171984,-4.63319477464629,1.502572091365833
2,15.461001887564558,11.495888256277674,-21.009335642558945,-11.724014674984474,44.30803066268376,-44.63436920574769,21.340834242303274,2.3112325365303503,-3.7050811683938134,-5.823648587832989,11.35979715354407,-3.2700269604951084,-4.165848463681067
2,16.969314797284405,8.505846792611106,-25.961425093656697,-16.484857212488844,41.81356610124247,-45.82936060029143,21.14496042352827,-1.072237700393291,-6.593969570890148,-6.717379408245279,12.320249193191136,-4.55530703945967,-6.196898741151221
2,17.440990273530193,12.23356385794031,-25.722756508279346,-19.10883955794626,45.18684969870292,-39.20730299975056,18.136389469970776,-6.792631858149113,-5.333189836421224,-11.212602043052541,10.101082915903214,-8.029674478394993,-3.2704483185930187
2,16.179936094798393,17.50679047739424,-23.812620087794283,-25.855203570221114,35.59352922642532,-35.62570879742978,18.5427119276427,-4.306842462003414,-1.3229864494718298,-15.412158605287598,10.848222619245563,-11.252150745018128,-4.455776577095365
2,17.264495992335316,20.29698866873528,-23.76909640614736,-31.721161624523578,29.79204433731839,-36.252272316576885,14.64697748841838,-9.64128270515236,-3.370404867538892,-18.60355099311551,12.457698052338733,-11.17021135733186,-4.119911018601992
2,17.748217492380824,7.785630388301021,-30.589804050418106,-24.278979751770784,38.238869951923284,-44.152318901299566,19.416051141425772,-7.67556412885895,-9.316432896029957,-6.852703021824131,9.27758861853203,-10.695309015449265,-6.243195952844154
2,13.498358838881886,15.177550007940894,-12.43885971073003,-2.535330575609622,45.69499272481119,-31.00343112778473,21.792680321644124,4.19159324802858,-4.516592666860898,-4.432660042366277,14.985329865224227,-3.407076237853308,-2.9582744464143285
2,16.366244456960175,18.38008931093343,-13.364241348646317,-9.50217674890997,36.472611504678625,-47.0092575517845,15.956400539081832,-2.9808856268806867,-10.67327600598026,-7.128732274528399,10.88510091624329,-4.2057569621476585,-4.498299427398986
2,14.266052640730244,20.943752987770992,-12.883731616156087,-14.40848677291824,34.09718612563761,-29.305302614944022,21.407717269385262,4.794928528382935,-0.9996190009557107,-15.972627727985666,3.6842487221906612,-14.577313765387558,-5.761394795244514
2,15.17430501225153,23.03100022942489,-11.395134981891664,-11.623646941071497,38.782791381841214,-33.85121677040796,21.86833345455373,-1.4355537945458363,-10.755848443861609,-15.94032252991712,4.714778132998208,-9.868899601402818,-3.8012930944843495
2,15.351726400399647,14.607245566771823,-21.190244484823758,-18.19846285743859,39.54056006206724,-35.26591363440985,19.27844765407903,-1.9718557356223065,-6.187967294132493,-19.82518321427053,1.9288341516227365,-13.885819917127273,-3.4744026370863588
2,14.685295142433183,16.817215786855744,-14.644200123663131,-9.092209890671358,41.264160634191235,-34.98194924651826,22.20900787233107,0.321090494141547,-11.90037815618401,-15.286733060968581,2.3508093754104253,-10.692005450335504,-3.005530399254621
2,15.305714836757863,21.204601916196065,-13.477889116885285,-13.976383665107296,32.331039605997844,-48.56661973965697,16.5696542782871,-0.7154544820618107,-8.441151425488233,-10.01663077427044,10.235875693659429,-6.132172519975458,-6.990333538917664
2,13.515601298391807,31.028314190727315,1.8850146209981975,-13.980264271973029,23.45779390002409,-10.992976399505517,-1.5512160726483724,-8.70066016883531,13.308869326497,-22.516478225742407,-0.2878186262302649,-5.704035805810028,2.528504303897643
2,15.680909259683721,27.10330087032677,-12.367640321556042,-27.021590580818422,35.038667126375294,-26.596090385340304,1.4720249232964486,-3.419844262517988,25.386420110104606,-28.09979640180746,6.912178607603228,0.25976115856702225,3.188457885616578
2,14.833519300644545,27.065793682922056,-11.185403317580546,-28.837222548718948,28.9804279076039,-23.19534276072304,-0.3954327829996081,-5.514828594435537,25.01918538888537,-27.104021341217546,3.1410524805097664,0.30442903302169133,6.940409919391847
2,12.283479774858803,26.806251987543963,-0.49330539957983083,-9.06562567383458,32.173225425837764,-11.208203362362648,-3.3975432525984046,-7.348933532501087,12.870907425585708,-24.58098150114239,1.142445251903966,-3.6911118175688182,-0.8847208221633978
2,15.327082800420584,26.043725051629554,-13.786603979161752,-26.702670865933477,40.38581509889414,-20.597240285251658,1.985953524617125,-7.3923346031472015,24.737826291440477,-26.9958714517588,6.763688403781998,-2.4903131164303938,2.829777346950936
2,13.804729983240339,27.829161528085947,-8.225683429916497,-22.107313050267543,34.87279945095049,-20.057052126843526,1.110658163406123,-3.442108173242072,22.585356096070694,-28.447385048711542,4.344673754390354,-0.3001072101309625,3.8544554721958346
3,18.619928141562717,9.522265419623622,-21.801109189583148,-12.684299935446102,41.24857844926604,-43.97346334249037,29.285668037053124,3.752420497301057,-11.32150592352371,-8.631919876504288,13.947521223040916,-4.69242718201061,-12.817402970702194
3,19.583527564499253,7.339523475386847,-22.977421729806686,-10.146853093418443,45.850958325604324,-46.370645181827186,21.065833116799915,1.6187349481808007,-7.039945421046333,-14.503911891927604,7.136289489060446,-5.202239174842312,-7.095238624689936
3,18.81590226586449,11.147285481248025,-21.90418734951742,-11.622499603503528,46.86241849374016,-43.077253922785076,18.92491109865326,-3.5261068457410136,-8.377407608462343,-12.42963386296681,13.199161894831713,-3.9573940906883465,-5.848217270978259
3,17.328602626923523,26.108345113438425,-10.113939425655547,-26.13064737964371,15.387538773495873,-29.63721962427234,22.75591909015688,1.6153663294614988,-0.2777695082347661,-14.682423470354871,18.66143421312494,-3.00268895772337,-1.3136279874678094
3,19.158442450166863,17.357867816955924,-20.263113294955723,-20.10671975617188,34.47163058916175,-45.9068731342115,18.29073410490586,-2.0012119139253373,-7.349299027215284,-13.541117377916196,11.698395619944153,-5.338163314061435,-5.791022820310792
3,17.40947386776934,22.384641794085784,-16.662773529621575,-23.818221991536518,30.354142727932096,-33.179341061136334,13.053078331370651,-6.235974088298688,0.7463046860333525,-15.783015672812684,11.320130039815064,-9.030668602320599,-1.8426029415245273
3,16.203044233094282,19.13478730706641,-17.169225279883534,-14.795058652746954,43.636142623436896,-34.97766867135352,17.033564887995936,-1.1224425195980996,3.74697254837876,-7.253450430057409,15.19166677637709,-5.46170143937276,0.49715929422628624
3,16.087636365906803,23.554170320490673,-8.225946765582368,-15.430828958005746,21.86872193922333,-39.07015823736359,12.875348382453165,-4.158074372611908,-10.661226158371097,-19.908124367470755,6.261277826824171,-8.32910384372381,-3.4215527255763245
3,18.89409443539641,15.086766404073547,-20.778984775307958,-18.99325542653807,34.658338091162555,-45.00769353625073,23.85908395542571,4.147035813362075,-5.214385563365009,-11.696711522920877,11.833040427955583,-4.138727339029493,-5.429418061842052
3,19.067385896215928,13.63930458716066,-25.950514498597766,-23.51711379213214,39.07618030328626,-40.47660016003651,20.344999719708493,-2.8869059091348555,-4.888728973565609,-15.713666999442662,7.734781674881842,-10.17854156866244,-7.149590896585765
3,17.539864766965078,22.62055987697579,-13.697561712790773,-17.86013506155912,32.82436683918094,-32.373059980280026,19.333404307041302,1.4430959427032413,3.015097040142289,-7.402988686728114,14.398397739617376,-7.0430511299078,-1.224276881230048
3,15.50526122449419,22.63533243293489,-9.886066813705087,-13.384227870394614,29.24182527393993,-42.73271974095353,14.79311389084431,-9.26862057247271,-20.67181014924191,-18.749484427232176,11.106200583723101,-6.442239400300033,-9.87952358789281
3,18.656668999973917,19.763529556092923,-20.249536286952015,-25.250641977970663,30.17770993646254,-42.205423133869964,17.313595114412504,-0.7888180716054295,-1.35051403651787,-15.825396392501927,13.265278872312004,-3.4463650756947524,-2.2032780599368063
3,17.135287414258304,15.144527296919078,-14.100623864806607,-4.481011648488464,49.50117588299759,-37.54419754789349,20.684629139964425,6.410644455245361,2.0679341091198835,-11.875523767889907,10.040920633671794,-4.346955052547321,-3.9243583750248994
3,16.485543725510905,24.467706486359273,-15.518828964277803,-24.156800112976725,28.87760034322156,-36.94994489416734,11.244696890500808,-1.9237154266012577,6.33191521544354,-15.809209176403714,12.149026383229984,-8.383698402816771,-2.338855310620757
3,18.914755697591847,12.694791209075047,-22.04740537642053,-16.68035724748744,37.95081198656822,-45.84367895602163,19.332636975922245,-4.166318887844129,-10.787077162428949,-8.963294239144705,9.218496533834951,-7.278463880483464,-6.997577636499392
3,18.13924916637729,11.025324153721321,-23.99037986222647,-16.930897778778313,42.69604602116297,-40.62044201358218,23.520410776594122,-1.6132799653887482,-8.782624862719036,-7.991186234147501,12.617496316988783,-6.174313631973005,-7.508221428168925
3,18.52414279029786,17.106242757201734,-22.003125226037593,-22.045672962101943,38.43140121009633,-40.27090903343244,14.960328863218285,-2.6859497946400257,2.057346717356047,-18.755244458213955,8.057237681462615,-7.868253860617524,-2.690209386312195
3,19.16684120981195,10.238362221896312,-21.431308278168274,-11.100514045051538,43.12476210511831,-49.80175645643168,18.06496523900651,-0.09654085310169497,-6.8093709285544115,-11.135760815726197,12.311103945466712,-2.817557082578484,-7.247435046912901
3,19.328266455874886,15.52731353131516,-21.08038169130001,-19.385926603653633,35.08444007009959,-46.07351795464543,15.91785599514746,-7.010256825167422,-9.460978305307776,-9.869532882718836,13.180338245261924,-6.17773180931657,-7.670623634598727
3,20.04094963022211,12.647562642933085,-24.455752661787315,-21.314150478573854,32.872120691884625,-51.0148568918259,17.800826757484536,-2.405225896969282,-8.988818447373653,-11.676499668384814,10.545865658531099,-6.245940269430207,-7.879587790909405
3,19.243572208570125,12.336293558653416,-27.215186407179363,-24.451223041902555,36.224596000131825,-44.16192234410346,17.558569998821962,-4.917286529628847,-4.992633980649332,-10.35265036878068,11.89546629012549,-6.827357536263228,-4.363118725904951
3,18.91348471993473,12.73867851000534,-22.131369664394565,-16.849655594075514,38.00952459195663,-46.03302230375803,19.395385093799714,-4.172397954404799,-10.836426756158327,-8.930778406368585,9.249188652764593,-7.310654855446584,-7.0194974555679295
3,19.40786536687754,9.564455501890091,-22.722835547699194,-13.58869349312548,41.07335906580886,-46.02652737869972,19.279913931433658,-3.1233215963164,-9.625826088787363,-9.502248194717723,13.44872216129884,-4.700257971143019,-9.65491478977507
3,19.104092551636068,12.44088164099301,-22.53003915084823,-17.38027223122996,36.0235334875022,-48.57944183434981,17.659523503915754,-4.015472001395725,-9.778916805233505,-8.154830075047208,12.222979194604111,-5.014830904723638,-6.616489698886141
3,18.10384534509331,12.699761986424193,-14.993812143283444,-3.2133724038213454,47.65989687842077,-42.125057141590055,19.968309425863456,0.037235696951734086,-8.135772600893828,-10.811887585938548,11.987208241947677,-3.053667658548877,-6.723957945033746
3,18.312296520365898,18.588519336974638,-13.992225190967053,-11.936011891298271,34.00208927794271,-50.74039608153794,10.151787578362363,-6.22608775781009,-9.104862110051258,-9.34230408516577,12.347466513465546,-5.339978281518488,-7.642727598654384
3,18.0009267252172,17.23348710662419,-17.123269401064984,-14.51528571126664,36.06809386935466,-45.077116768314525,18.973097191288232,-0.6299077830700357,-5.689053000966699,-5.299117271275412,14.034465575035886,-5.704798443008587,-7.08686850094568
3,18.709601953212378,16.31115704203996,-19.86157087018271,-16.458565217768648,39.19371933586626,-44.99465740127321,14.873973276838834,-5.5365581797868,-6.552605288149768,-11.33929633792689,11.078344737958307,-7.5132289465146345,-5.924318871587791
3,19.05384715389726,14.441395914908593,-19.20458668238772,-12.96536698589723,41.44026922656902,-47.92754524351032,15.340319385717658,-0.4799065358498756,-2.898995980154003,-13.15697666457764,9.735394106421186,-5.059197649062517,-4.6333205086343785
3,19.25392052281607,15.864637501976128,-21.25148925225789,-20.036929061321022,32.10840745487604,-52.11623191591195,13.05117694219406,-6.65877868611183,-10.121143036395326,-11.489710044817699,6.434413841388869,-9.287892705958196,-6.686089231300121
3,19.257281112126684,15.44098406036184,-21.752409746440396,-20.153066896965527,32.39308234973868,-52.15410724069953,13.080305968594317,-6.4537774336708,-9.646343656377507,-11.82059905656802,6.67292182491621,-8.908854808400848,-6.711378035980893
3,18.30402715058077,6.152816481904054,-24.974395827156243,-14.049023276420913,39.54990875315645,-49.89005946290164,23.019194515520034,1.197049756599544,-9.533016783030869,-7.104619011278408,7.590605447289295,-7.50605082067375,-9.887010250365833
3,18.20550712161574,17.976240143178813,-21.728341868737377,-24.940575460185503,31.22199498425451,-43.375515623789184,11.212816344117025,-8.686162037656167,-2.4284257833356775,-8.772664216545051,15.616334198342315,-6.224748054946473,-2.84716382803291
3,18.770501931227734,13.28307087643736,-18.01022939876104,-9.956005314103495,40.93113380291423,-49.83552407189131,16.408108881580187,-4.434619934804113,-11.590699152511688,-10.65716365225207,6.058803488470384,-9.273652086032541,-9.709323592318716
3,20.12018247279119,14.57018089071853,-22.615020123780518,-21.068291971655995,30.92734720872314,-53.397002717570494,12.361467760852978,-5.824337233730645,-9.048213606254187,-10.408759241115805,10.404254508255434,-6.634677128990321,-5.897408442361871
3,19.14816267696818,13.598309278422299,-17.95555216979984,-11.981606114187802,36.74227795102044,-47.74780254714025,21.750631657471736,2.440420320553564,-8.930599742854785,-10.66230278112352,11.181632146753527,-6.855616964413496,-10.433353043468982
3,19.82694121355853,13.572607977907076,-24.567677274853793,-22.625416729176763,35.16215522496049,-45.530246618571745,14.9915015041416,-7.086765057349646,-6.031048242422629,-8.851610685192462,12.254371449159251,-7.502792827188314,-5.540120962584954
3,19.42753658897224,14.572287973764526,-23.4153500140152,-21.262378435882887,34.94460083459872,-46.34841449098575,17.758165003117295,-1.7987152907638753,-4.04843530825838,-9.388660289894469,10.766091280543275,-7.783578944755351,-5.632498330780746
3,20.422232255603358,6.251035758111646,-23.438617312636026,-10.752755828013898,42.77738877410397,-47.84658014139973,22.12802549018107,-1.043970996020066,-12.949660326414875,-12.893921253876403,15.656567030827203,-0.009444289756495682,-8.922880961798766
3,18.389570064916683,24.397610330651958,-12.70056878709543,-22.310484064597784,21.519654793981818,-41.14621050910546,19.407998054598444,1.903540267772762,-4.241383267049334,-15.277486800846358,9.241695723441758,-10.793431092803095,-6.144543370298824
3,16.154509749937766,21.616509732897907,-11.347690032966272,-10.461047565001472,39.4686259553088,-42.873843263796985,7.8509557879072105,-3.044621857735076,2.920926014036281,-16.648370995633105,3.416189650092876,-11.61818322414351,1.3229173669359995
3,19.26562867526513,15.564822314143576,-21.75579611738148,-21.548627114356805,33.09191902141448,-43.13736709895128,21.924448249823495,-0.5841066882599633,-8.080171925297249,-13.135629313191876,12.99096661044582,-4.649957769927067,-6.13088386937702
3,18.930763756629812,16.98391342378071,-21.887025324607965,-22.845415396272013,38.28950086081581,-32.683819946267114,16.19831686160499,-3.559328850654199,2.6454524183601285,-15.18018522660413,12.6941213471101,-3.7235942541972085,3.0357173028771753
3,19.08115290943881,13.264382278973502,-23.356185227854045,-21.832645017603298,33.001951453734996,-41.48303339014023,26.525689469835186,-1.2837789625770004,-11.505216496225687,-6.559282218217789,15.547034384472845,-2.299304917482896,-4.329524658598718
3,18.671801768737463,14.61491974639285,-16.510025203683103,-13.030236986179466,33.72444776502324,-45.132344338024545,21.464787141292188,-0.20185176577463987,-11.19087905107524,-11.072998791851184,13.05141616328766,-3.230523882234333,-5.690197113446393
3,18.651617135899375,14.587244543403626,-16.37640125332107,-12.720391478435538,33.51335494446101,-45.28385787954436,21.72523493212425,0.13788087647310165,-11.463270427606945,-11.285803068536211,13.105240801286117,-2.909060167023942,-5.93067654214675
3,19.055613150931663,12.395675142052038,-20.62125038358012,-14.77155171307677,36.80586163802864,-49.132385953359844,20.605051701675432,-2.42595931907148,-10.49898745757107,-3.8946870558881863,14.820500101445141,-4.594112448896786,-8.02919678616065
3,19.48121609697228,6.7480373406030925,-26.21592099704634,-18.102977806672193,34.50413888417307,-52.87836649481651,17.987823817594002,-2.8692104223508896,-9.805609893104922,-6.992777979196245,18.559301698222736,-0.18135028975587297,-6.7303001638556
3,16.858402659140488,19.6022747007638,-10.216824544939186,-7.9329077035167845,37.413773559214285,-36.03010629803741,21.537647178560544,0.7721648961220043,-10.59834045522106,-15.6967522220287,10.85746304435624,-5.2793114569606825,-5.099985118254115
3,18.619804218231884,12.640100156956533,-20.264372105495326,-14.211500637512977,39.904631290767355,-40.49131902602758,26.0361762117849,0.2782911616383641,-11.662881067725863,-10.498699940101561,13.590171786722106,-2.6862540457579818,-5.41032509696005
3,20.280582991425618,5.940573848670849,-25.917311281980627,-16.526810580427604,36.21100842171318,-50.24599777821473,23.309508780299762,-2.921766636957067,-13.92309426556724,-2.396964074826649,14.20652244423673,-3.9855810880037437,-9.37926085639018
3,19.660801028973378,8.363920558860254,-26.22586630044644,-18.57006989485149,39.35333197522002,-43.24902781130905,24.207544856320876,0.39512938676623505,-8.471312708155857,-9.063154548315271,16.313035936979734,0.1466261553925818,-4.501447623713729
3,17.916515891769343,18.29454536422378,-12.988586243914101,-13.490193821484013,30.46186273345344,-45.361090176455356,20.45826593513736,-4.392033433377277,-19.47318442913022,-17.13875304645854,15.0127294152822,-0.1976694606546958,-7.624708331514957
3,19.476101021200137,9.960526415331005,-20.99575117256221,-11.98328756914712,42.54756625784401,-42.85915343410627,20.807285604952117,-3.5866995734281124,-12.9476527587709,-14.74108532266056,12.249718744879628,-5.38270212602766,-9.994284289985313
3,19.251043641378388,7.846879724858868,-23.866061965334453,-13.032576656806407,41.62720016415483,-50.5065491691109,16.047001746112677,-2.473420463368888,-6.923516607177816,-8.633033522298277,13.602003128966606,-3.3701082753958116,-7.9917508637872485
3,18.996227029131195,8.775393653322416,-24.191474464206173,-15.781251012982494,40.73943134803018,-39.1283925003406,29.509334225653518,4.670049774439962,-6.893334170890589,-4.931006820024524,13.99963130965198,-3.30693278622319,-5.133030826447181
3,19.663034994800782,8.59270623825712,-26.077393754980598,-18.45780596817317,39.79671028293049,-42.9754424146613,24.187423549378217,-0.21493358982132268,-8.809716199585685,-8.770135759828458,16.472063826403286,-0.40658082666052764,-4.79700202156791
3,18.244451303308292,18.595824633799914,-19.742231277321228,-23.926981573762767,29.619738407933596,-37.21097047750281,18.40934121137013,-5.013791296832565,-6.291418688769318,-14.075326093846625,13.525284402245388,-6.938120146056943,-3.7082472520847194
3,19.01762490848458,8.57490801883083,-24.475444433232568,-15.81554828164139,40.80730047859189,-38.20115127219148,29.319893818340592,4.300476829313651,-6.847464861291992,-4.9436422296249205,14.090222707259475,-3.257306729656662,-5.127794478996741
3,19.476101021200137,9.960526415331005,-20.99575117256221,-11.98328756914712,42.54756625784401,-42.85915343410627,20.807285604952117,-3.5866995734281124,-12.9476527587709,-14.74108532266056,12.249718744879628,-5.38270212602766,-9.994284289985313
3,18.67358979325947,14.774998500751103,-20.393399157603433,-19.793831320347234,33.28987922979239,-36.28042244316503,32.0634763904686,5.069823855934788,-10.409834448706482,-12.220148392557205,16.157541387530973,-2.8693278886603863,-7.689313298643792
3,20.06756352021042,20.484983104939733,-19.6587548897171,-22.857653972971104,37.6964651784317,-35.0369841431933,10.889015940632412,-6.383349709890812,3.343010423670884,-23.710766027536565,19.809099977668335,-3.7034970975153163,-4.63731749813832
3,17.041552494168354,25.475365950131724,-10.481223371301791,-16.63463193705804,29.711167429873036,-40.00041555601824,8.897424703605475,-5.467078321903226,-3.389496056419766,-17.75729068941276,8.667974600190394,-9.602905987975861,-4.835115299546867
3,18.918799477598704,12.310583228059462,-25.924563435345984,-25.229605833749467,33.26944068817542,-46.52483483394676,12.564888560818435,-5.433160125313842,-5.258040822347515,-23.7581436326733,10.398187652844083,-1.3996111711572101,-0.6639247810467385
3,17.387786621477183,19.817276165870414,-18.273629167397623,-19.3784439922818,37.23900278024158,-40.113936164795156,15.985785546950147,-3.172103275830379,0.4853614642773735,-10.308743687265071,11.672663412146045,-10.44003110932013,-6.909697851520147
3,18.937094568217773,13.152283969110714,-17.553094102907693,-8.500194189311832,43.2159844226073,-44.84973690569288,19.430029955233582,-2.639654325971919,-10.824921798269528,-10.187605598013668,11.999910545955485,-1.9914311629559476,-5.7602388629673
3,19.349860740937633,8.55806969423602,-26.81560875327201,-18.737187868843506,40.184378494581125,-45.28365099373028,22.6001147422745,2.5206187002041918,-3.585376169248921,-12.484372904669257,12.371727440370488,-3.8840488167475886,-6.3981465148283645
3,19.393243615786485,14.034970183918098,-22.501229698781465,-19.717697860355745,36.38850062659986,-41.907619017408585,21.555092786471775,-2.185032923946507,-8.49593212762476,-12.075354108633336,10.843917150705275,-4.480499256791758,-5.532039094636464
3,18.516490065122657,20.8518734499584,-21.191815350693815,-25.944048931590288,35.41725992564802,-32.85639004808277,20.164335419709317,-1.0725863749639215,3.0859193398004634,-13.499201036978201,13.618222254309424,-9.594406587285906,-2.277565451723236
3,18.150916417147084,13.54562879892403,-22.318025953241555,-17.540216641864394,38.98130087267271,-41.222466758616214,20.20771473865093,-2.3520796647221736,-7.22550730761272,-12.8888788155555,7.582621354730101,-8.063157072344499,-3.7453057944934507
3,19.349860740937633,8.55806969423602,-26.81560875327201,-18.737187868843506,40.184378494581125,-45.28365099373028,22.6001147422745,2.5206187002041918,-3.585376169248921,-12.484372904669257,12.371727440370488,-3.8840488167475886,-6.3981465148283645
3,19.403347742664664,20.487628607699683,-20.19745957496064,-25.658285693956866,28.806179832612713,-44.558928030632266,11.520651350074012,-7.0387048571735455,-4.399373230599546,-16.334605094616876,11.417355483639705,-6.581711821027242,-2.2150941538380025
3,19.959323027658737,10.542432632226928,-24.042032364431773,-16.108130300146268,41.731756371635846,-47.238661191057886,17.680803510694194,-3.123433340664047,-7.7982446980062,-13.15306585018807,11.255494249716067,-1.5694518421192807,-3.2964123498398035
3,18.653090665311524,10.383345102450322,-18.745973975206557,-8.338688396796687,42.96164101261424,-46.78222838263648,24.793655416271847,1.9110420317906176,-13.287305214775682,-12.053626888090943,9.083646488078582,-5.538262095649851,-12.999332970253482
3,19.06438815530817,10.270601914332785,-26.442740225387883,-19.501411352473035,43.890386995035136,-36.15631238513679,28.702722587782237,2.52175871702131,-7.169105751267444,-16.802313053013478,13.78265798010083,-1.7694268791732874,-5.678185641681736
3,19.53574825857126,9.053233194814812,-24.70525383430463,-16.009900667112753,41.2743601167084,-44.450293960176616,23.20273265970721,0.7176218651535875,-6.548300690664216,-8.119578107746667,15.107505976229932,-2.513971279698698,-5.277620131140193
3,19.68587380564402,7.65143814839871,-26.55854744085702,-18.27618479394103,38.446470366055976,-47.38559540127507,23.43118775573039,-1.0201203654121354,-11.81744200286193,-10.112940540813671,17.07129426774179,2.2386066695506743,-5.142713947769222
3,19.017376241337075,14.034537391033023,-22.739787551052835,-20.840785972312833,36.840726955279,-38.250681418564334,26.012972364947444,0.18029616999714537,-8.786033731041753,-14.139251675308232,15.660220668547515,-3.0731881454426597,-6.645607959315611
3,14.069474966770274,21.996212584791277,-13.218974866541302,-16.03445571014444,35.2100166854393,-29.9748430743159,20.38896206491377,1.9599620244100853,-0.8254633034429835,-16.693309261246906,12.652998576807766,-6.161954852291438,-2.9547944446787278
3,19.05800206942308,12.355381868560572,-20.597793818095415,-14.716666516678375,36.76971290565769,-49.092761989294885,20.549474890220313,-2.4485957093298185,-10.504922586715344,-3.7746434335948007,14.902784344750067,-4.371297713511842,-7.922676946620987
3,16.704086402425887,18.730679311510613,-15.05195542615812,-12.147443605779463,40.7003024531005,-37.502021066251736,17.87115929292907,-4.30955992209684,-4.517120325574957,-14.052746348794969,8.864440684838339,-11.356942239985502,-3.046462595982562
3,18.57898320969613,11.55140255275655,-22.356113891571056,-13.486233951835176,44.584541561315575,-40.53779832224947,25.774619493728025,3.4891813846341795,-4.045228254975701,-6.61084715180263,12.795660339700815,-3.870083433790031,-5.327472665555463
3,17.70287690334199,18.412776238820815,-16.312155044709186,-14.159554464158534,40.00258289406061,-38.963016775202824,18.187167421987546,-6.415325697893935,-10.491320113888863,-14.179659030000089,13.071573208426468,-6.968762397548151,-7.371509473770651
3,18.18665518020316,13.979162808864533,-17.18270405900786,-13.464232444954181,33.4608742113441,-40.02157366622228,25.168886421061313,1.690497978577158,-10.96036168220504,-9.132334065573966,12.588474162778652,-5.834497061309541,-8.297076111680488
3,18.500168772928244,20.42990988339839,-16.993715602134156,-25.372896960280833,23.526370977775418,-35.138687432615235,20.224641923907733,-1.6367558780454474,-1.8010374830525775,-9.501229774108841,16.913238421739887,-8.183505078301971,-4.641090412135885
3,18.922197406890525,11.900028818576214,-25.745794907364363,-20.713407978815837,40.20352515408026,-44.69893836599503,16.533786774661777,-8.29731109402275,-11.311513789492972,-14.920137012118726,12.708108139353147,-4.689736558609158,-7.610425482718951
3,19.2935781396174,11.273231990688526,-21.899054353942013,-13.493189521135744,42.85307336020938,-45.392499278783575,22.36146102764052,1.8271244528268455,-4.615595801733052,-10.401509649689878,14.670686600283124,-4.001316045088041,-7.430559042945512
3,19.228211335065758,11.430234982881009,-23.84635372646349,-19.055152038705142,37.99848530685108,-40.844599694148506,24.730940232625667,-3.4795911782808604,-12.591446115109328,-9.354642304612444,14.397784416607825,-5.605625667576525,-8.377031008031654
3,19.203845628575667,12.23374965858996,-24.153881206499776,-19.331949416330286,40.33164881292276,-38.488579183090664,22.1276809044891,-4.26042531706878,-9.073340363060904,-12.861290892048954,13.238833335319438,-6.084351721257275,-7.193029314714472
3,19.348223563204588,11.308439380207908,-21.95844114986811,-13.71912501702256,42.7995126298169,-45.20686953948028,22.20795717118592,1.5789320532789413,-4.589089914697232,-10.279085712681782,15.113153428697636,-4.126700339425917,-7.52613949584281
3,20.02217231167497,10.554478180441153,-25.080655446419467,-18.018578190562863,40.572521876766885,-45.118925384710806,22.594774828422818,-0.1512507306880914,-6.079110571209107,-7.536159205665325,13.183198492536448,-6.125249602816711,-9.564563952534336
3,19.41550699843171,13.82209507135476,-23.935053928696977,-21.73709566690124,38.16657565542779,-40.57203541763664,17.021637593698717,-4.350677691417548,-0.6929973060725647,-9.856370224865362,15.515961445480254,-7.351057239699188,-5.466714532036349
3,19.512853957618862,13.6399698143131,-23.770884765886148,-18.359248222440208,43.619847065395184,-44.51247697301118,14.785101290490982,-4.563954150039629,-0.4283590819599327,-9.985839613302355,15.224150870003198,-4.161391264942408,-5.4916942834598945
3,18.986105480183106,18.647680320723598,-18.509647696660064,-22.00354406528566,28.388451087573106,-44.819585284747454,20.379286648652016,-3.367110404464844,-10.365286750751595,-11.39450310915984,12.74508415301256,-8.108527346847753,-8.042272216745793
3,19.467649004366095,11.961547011229264,-17.999382564030274,-7.541167014093194,44.73763226987945,-42.76205183683215,25.43245143521351,-0.01166333219206562,-12.302117723186925,-7.7590142033876335,15.104237039496969,-1.9293426407704612,-8.835170890700207
3,19.07693087849192,13.844059261912822,-19.99053345884693,-13.451973107095624,42.59507024413261,-40.540468809390305,22.275598067624166,-2.2586760060313638,-8.238390013575986,-7.626535956146098,14.888016709532316,-6.169540601168733,-7.856707854072701
3,18.166978942520874,8.199355626491437,-20.88398710608449,-8.68632138650589,44.91961506082859,-43.28014901140549,23.915722924759823,3.4660482745391894,-8.899775050290057,-12.577795852174555,15.763757906276854,0.5334881009999486,-7.281755983252266
3,19.710748879824227,11.041440989088331,-26.02929051712795,-20.864572311835246,37.98204385597652,-47.50455064848637,12.7916047671329,-5.725491901372501,-3.808143784635216,-12.10493873355385,16.06436243010715,-1.527297560028797,-3.7494982795946763
3,17.690210853804707,13.631933324663429,-16.016281788081475,-7.80475364883496,41.87144143257573,-47.72799389978355,21.65786215085129,1.0328599642541916,-11.189351043270646,-14.986961158892797,15.962852408735914,-2.8276491895940024,-12.78646895866875
